crop,model,percent,year,rmse
maize,history,10,2002,0.7095266075784907
maize,history,10,2003,1.179529651145773
maize,history,10,2004,0.8395243258379725
maize,history,10,2006,0.6525212365139417
maize,history,10,2007,0.754434817540883
maize,history,10,2008,0.7349058874647059
maize,history,10,2010,0.7691459837572167
maize,history,10,2011,0.8074875280584617
maize,history,10,2012,1.139504359056512
maize,history,10,2013,0.8080479336691562
maize,history,10,2014,0.7743647115837157
maize,history,10,2015,1.524710954219872
maize,history,10,2016,0.7234732290179333
maize,ridge,10,2002,0.6359459823567939
maize,ridge,10,2003,1.773041648229441
maize,ridge,10,2004,1.2353783696198588
maize,ridge,10,2006,0.7140913936863527
maize,ridge,10,2007,0.8004112526957787
maize,ridge,10,2008,0.847967441110409
maize,ridge,10,2010,0.7583006238723173
maize,ridge,10,2011,0.7792659072926937
maize,ridge,10,2012,1.0661065240911356
maize,ridge,10,2013,0.9135177617303322
maize,ridge,10,2014,0.8147513150158346
maize,ridge,10,2015,1.5148843685267142
maize,ridge,10,2016,0.8766830113225522
maize,random_forest,10,2002,0.639918212005515
maize,random_forest,10,2003,1.0687525696935025
maize,random_forest,10,2004,0.8156888493164038
maize,random_forest,10,2006,0.6343106207509009
maize,random_forest,10,2007,0.7035779821170013
maize,random_forest,10,2008,0.6685777336653991
maize,random_forest,10,2010,0.7222621528463319
maize,random_forest,10,2011,0.8066552431695952
maize,random_forest,10,2012,1.0708653468403209
maize,random_forest,10,2013,0.8405055930784004
maize,random_forest,10,2014,0.7766875085069673
maize,random_forest,10,2015,1.5713419880882316
maize,random_forest,10,2016,0.7284149972730714
maize,lightgbm,10,2002,0.6072934909426048
maize,lightgbm,10,2003,1.1423608816756434
maize,lightgbm,10,2004,0.8114913416100585
maize,lightgbm,10,2006,0.6301994006377576
maize,lightgbm,10,2007,0.7176281062787999
maize,lightgbm,10,2008,0.7053105559297426
maize,lightgbm,10,2010,0.6895403790917715
maize,lightgbm,10,2011,0.8037818925944026
maize,lightgbm,10,2012,1.0701768556870808
maize,lightgbm,10,2013,0.8176351389566753
maize,lightgbm,10,2014,0.7348419797549265
maize,lightgbm,10,2015,1.571127429450569
maize,lightgbm,10,2016,0.6730750180346887
maize,gru,10,2002,0.6188116021274426
maize,gru,10,2003,1.436463943021806
maize,gru,10,2004,0.7280105900080943
maize,gru,10,2006,0.6984719042455633
maize,gru,10,2007,0.758414500844146
maize,gru,10,2008,0.7185873465787713
maize,gru,10,2010,0.7140026995258089
maize,gru,10,2011,0.7953400051772751
maize,gru,10,2012,0.9510869298889981
maize,gru,10,2013,0.8485618375232493
maize,gru,10,2014,0.7515957130943091
maize,gru,10,2015,1.5213550374616707
maize,gru,10,2016,0.7674449441544323
maize,transformer,10,2002,0.6466561085275707
maize,transformer,10,2003,1.4944087133514454
maize,transformer,10,2004,0.7943568334347776
maize,transformer,10,2006,0.7835429035302542
maize,transformer,10,2007,0.7790487860781125
maize,transformer,10,2008,0.7906781418228638
maize,transformer,10,2010,0.7047944078317244
maize,transformer,10,2011,0.8702264539414428
maize,transformer,10,2012,1.0199121643760358
maize,transformer,10,2013,0.8410973805595242
maize,transformer,10,2014,0.7311985326586367
maize,transformer,10,2015,1.5255479897421529
maize,transformer,10,2016,0.7096576020830195
maize,cnn_rnn,10,2002,0.6451597793381897
maize,cnn_rnn,10,2003,1.4385892515947152
maize,cnn_rnn,10,2004,0.7246251242219459
maize,cnn_rnn,10,2006,0.7290106856018835
maize,cnn_rnn,10,2007,0.734405334935664
maize,cnn_rnn,10,2008,0.7506686296525134
maize,cnn_rnn,10,2010,0.7267926474076115
maize,cnn_rnn,10,2011,0.7931142251859625
maize,cnn_rnn,10,2012,0.9672286445211586
maize,cnn_rnn,10,2013,0.8369405810417416
maize,cnn_rnn,10,2014,0.6955051881778936
maize,cnn_rnn,10,2015,1.5079291086805633
maize,cnn_rnn,10,2016,0.7651775931151017
maize,world,10,2002,0.6313530114599294
maize,world,10,2003,1.0765939941994664
maize,world,10,2004,0.8030034360043635
maize,world,10,2006,0.6364427791912357
maize,world,10,2007,0.7298960074123663
maize,world,10,2008,0.7023265231699043
maize,world,10,2010,0.7203232845792805
maize,world,10,2011,0.785795129138293
maize,world,10,2012,1.0512515410756038
maize,world,10,2013,0.8162831519065936
maize,world,10,2014,0.7540188411079584
maize,world,10,2015,1.5307515869473043
maize,world,10,2016,0.6934091061795126
maize,history,30,2002,0.7095266075784907
maize,history,30,2003,1.179529651145773
maize,history,30,2004,0.8395243258379725
maize,history,30,2006,0.6525212365139417
maize,history,30,2007,0.754434817540883
maize,history,30,2008,0.7349058874647059
maize,history,30,2010,0.7691459837572167
maize,history,30,2011,0.8074875280584617
maize,history,30,2012,1.139504359056512
maize,history,30,2013,0.8080479336691562
maize,history,30,2014,0.7743647115837157
maize,history,30,2015,1.524710954219872
maize,history,30,2016,0.7234732290179333
maize,ridge,30,2002,0.6477968107594797
maize,ridge,30,2003,2.600180992138397
maize,ridge,30,2004,2.2970104715260207
maize,ridge,30,2006,0.7042275577194472
maize,ridge,30,2007,0.7911107623346698
maize,ridge,30,2008,0.8487870934225348
maize,ridge,30,2010,0.7540287654172417
maize,ridge,30,2011,0.7764399863894498
maize,ridge,30,2012,1.0756840784227086
maize,ridge,30,2013,0.9013635501181736
maize,ridge,30,2014,0.8035664491151293
maize,ridge,30,2015,1.5178784892979926
maize,ridge,30,2016,0.8730459240162424
maize,random_forest,30,2002,0.6483436743581747
maize,random_forest,30,2003,1.1234763477426801
maize,random_forest,30,2004,0.8342862426310402
maize,random_forest,30,2006,0.6232946323401709
maize,random_forest,30,2007,0.6978243993727169
maize,random_forest,30,2008,0.6798897944508941
maize,random_forest,30,2010,0.7229604388242495
maize,random_forest,30,2011,0.8084259192613356
maize,random_forest,30,2012,1.0892196835145518
maize,random_forest,30,2013,0.840539609716083
maize,random_forest,30,2014,0.7904167897219475
maize,random_forest,30,2015,1.5843258275003531
maize,random_forest,30,2016,0.734209717229688
maize,lightgbm,30,2002,0.6135696980942302
maize,lightgbm,30,2003,1.1688540262740668
maize,lightgbm,30,2004,0.8154102961642725
maize,lightgbm,30,2006,0.62380055079587
maize,lightgbm,30,2007,0.7079977680624345
maize,lightgbm,30,2008,0.7132645564961331
maize,lightgbm,30,2010,0.6891385943158514
maize,lightgbm,30,2011,0.8001337217457567
maize,lightgbm,30,2012,1.0863519411585951
maize,lightgbm,30,2013,0.8119789958425901
maize,lightgbm,30,2014,0.7288120717377331
maize,lightgbm,30,2015,1.5508107602631893
maize,lightgbm,30,2016,0.6747579708312731
maize,gru,30,2002,0.6522444014556388
maize,gru,30,2003,1.4761551937254376
maize,gru,30,2004,0.7414373632271549
maize,gru,30,2006,0.6910568638747542
maize,gru,30,2007,0.7576837250536276
maize,gru,30,2008,0.7242032037713517
maize,gru,30,2010,0.7088077883726006
maize,gru,30,2011,0.8070214471119851
maize,gru,30,2012,1.0149198485755988
maize,gru,30,2013,0.8233252549133193
maize,gru,30,2014,0.7263956767151931
maize,gru,30,2015,1.5091752580712086
maize,gru,30,2016,0.7300054675104681
maize,transformer,30,2002,0.6790207583074369
maize,transformer,30,2003,1.5164998924889423
maize,transformer,30,2004,0.7424654043237735
maize,transformer,30,2006,0.7078500126516362
maize,transformer,30,2007,0.8033581530138174
maize,transformer,30,2008,0.7864886152089349
maize,transformer,30,2010,0.7235466177230598
maize,transformer,30,2011,0.8537718699693282
maize,transformer,30,2012,1.0506514621664023
maize,transformer,30,2013,0.8322299420617081
maize,transformer,30,2014,0.7719151229627897
maize,transformer,30,2015,1.4603086698098464
maize,transformer,30,2016,0.7577710073470473
maize,cnn_rnn,30,2002,0.6570872696989656
maize,cnn_rnn,30,2003,1.458914251327221
maize,cnn_rnn,30,2004,0.7116074962591671
maize,cnn_rnn,30,2006,0.7222796819115008
maize,cnn_rnn,30,2007,0.744301898424671
maize,cnn_rnn,30,2008,0.7885313466953637
maize,cnn_rnn,30,2010,0.7091539035812622
maize,cnn_rnn,30,2011,0.7829607743866377
maize,cnn_rnn,30,2012,0.9831273205856005
maize,cnn_rnn,30,2013,0.8392151759615512
maize,cnn_rnn,30,2014,0.6936479591170086
maize,cnn_rnn,30,2015,1.4920095337946186
maize,cnn_rnn,30,2016,0.7637813775854551
maize,world,30,2002,0.6363449013069921
maize,world,30,2003,1.0812716788227306
maize,world,30,2004,0.8067351387157927
maize,world,30,2006,0.636725627832251
maize,world,30,2007,0.7301046738032252
maize,world,30,2008,0.7053024199458678
maize,world,30,2010,0.7255309823899272
maize,world,30,2011,0.7847833894814219
maize,world,30,2012,1.049557758799906
maize,world,30,2013,0.8197832508220273
maize,world,30,2014,0.7557143999202909
maize,world,30,2015,1.5336520380944934
maize,world,30,2016,0.6925383490648022
maize,history,50,2002,0.7095266075784907
maize,history,50,2003,1.179529651145773
maize,history,50,2004,0.8395243258379725
maize,history,50,2006,0.6525212365139417
maize,history,50,2007,0.754434817540883
maize,history,50,2008,0.7349058874647059
maize,history,50,2010,0.7691459837572167
maize,history,50,2011,0.8074875280584617
maize,history,50,2012,1.139504359056512
maize,history,50,2013,0.8080479336691562
maize,history,50,2014,0.7743647115837157
maize,history,50,2015,1.524710954219872
maize,history,50,2016,0.7234732290179333
maize,ridge,50,2002,0.6552733180096033
maize,ridge,50,2003,2.82642384015619
maize,ridge,50,2004,2.6187448828070945
maize,ridge,50,2006,0.6805912776082756
maize,ridge,50,2007,0.7819846008482113
maize,ridge,50,2008,0.8383121232218612
maize,ridge,50,2010,0.7712670981858855
maize,ridge,50,2011,0.783838962111173
maize,ridge,50,2012,1.0972636795466169
maize,ridge,50,2013,0.9719612150691506
maize,ridge,50,2014,0.8799872158231155
maize,ridge,50,2015,1.5508612100259374
maize,ridge,50,2016,0.9502037142614511
maize,random_forest,50,2002,0.652013381859314
maize,random_forest,50,2003,1.1489962940622789
maize,random_forest,50,2004,0.8365958619898344
maize,random_forest,50,2006,0.6281028678851919
maize,random_forest,50,2007,0.7197165050277767
maize,random_forest,50,2008,0.6812666183953968
maize,random_forest,50,2010,0.727508270740206
maize,random_forest,50,2011,0.8163617959355777
maize,random_forest,50,2012,1.1373166499395262
maize,random_forest,50,2013,0.8392014027769872
maize,random_forest,50,2014,0.8077326237068242
maize,random_forest,50,2015,1.5855440903433513
maize,random_forest,50,2016,0.7552602570100198
maize,lightgbm,50,2002,0.6203609122892539
maize,lightgbm,50,2003,1.1861661014468439
maize,lightgbm,50,2004,0.7958601006363158
maize,lightgbm,50,2006,0.6257284995966487
maize,lightgbm,50,2007,0.7264088531503927
maize,lightgbm,50,2008,0.7148793120368713
maize,lightgbm,50,2010,0.7026024962926236
maize,lightgbm,50,2011,0.8077383480785388
maize,lightgbm,50,2012,1.116703998128923
maize,lightgbm,50,2013,0.8259718160808036
maize,lightgbm,50,2014,0.7459549360206281
maize,lightgbm,50,2015,1.5692682526686594
maize,lightgbm,50,2016,0.6800963716259782
maize,gru,50,2002,0.6324348620128961
maize,gru,50,2003,1.4482184430233986
maize,gru,50,2004,0.7437424691683576
maize,gru,50,2006,0.7073009581254098
maize,gru,50,2007,0.7950876894095136
maize,gru,50,2008,0.7478516586347167
maize,gru,50,2010,0.7189906151652562
maize,gru,50,2011,0.812465922349837
maize,gru,50,2012,1.016844218826952
maize,gru,50,2013,0.8243364395795074
maize,gru,50,2014,0.7205536293904656
maize,gru,50,2015,1.4835712036666229
maize,gru,50,2016,0.7724787911602287
maize,transformer,50,2002,0.6629449136159284
maize,transformer,50,2003,1.5170132713675686
maize,transformer,50,2004,0.8065551524206863
maize,transformer,50,2006,0.6909125409791695
maize,transformer,50,2007,0.7561940052118911
maize,transformer,50,2008,0.7880886017087864
maize,transformer,50,2010,0.7733509245351697
maize,transformer,50,2011,0.8258804616895405
maize,transformer,50,2012,0.9940959857292647
maize,transformer,50,2013,0.8430666564622074
maize,transformer,50,2014,0.8050749441174393
maize,transformer,50,2015,1.5062336521607853
maize,transformer,50,2016,0.7488349625333953
maize,cnn_rnn,50,2002,0.6666921111565045
maize,cnn_rnn,50,2003,1.459272217151087
maize,cnn_rnn,50,2004,0.73316551001661
maize,cnn_rnn,50,2006,0.7287206868197027
maize,cnn_rnn,50,2007,0.7530486084324459
maize,cnn_rnn,50,2008,0.7401101122064322
maize,cnn_rnn,50,2010,0.7176901775183786
maize,cnn_rnn,50,2011,0.7630570474296479
maize,cnn_rnn,50,2012,0.9701704293597438
maize,cnn_rnn,50,2013,0.8494871310422647
maize,cnn_rnn,50,2014,0.7269991361626602
maize,cnn_rnn,50,2015,1.4899812616383994
maize,cnn_rnn,50,2016,0.8162754929944211
maize,world,50,2002,0.6409156569337444
maize,world,50,2003,1.0825825162284315
maize,world,50,2004,0.8118671010353082
maize,world,50,2006,0.6435787163194655
maize,world,50,2007,0.7313033581139221
maize,world,50,2008,0.7082996325874936
maize,world,50,2010,0.733647884003136
maize,world,50,2011,0.7827897609985235
maize,world,50,2012,1.045175365923189
maize,world,50,2013,0.8340441632232489
maize,world,50,2014,0.7615879753172998
maize,world,50,2015,1.5416318592371057
maize,world,50,2016,0.6989391995566304
rice,history,10,2002,0.5895838945663392
rice,history,10,2003,1.0805375409719866
rice,history,10,2004,0.7111247468801328
rice,history,10,2006,0.613625383507937
rice,history,10,2007,0.6050517622360017
rice,history,10,2008,0.7874843094512567
rice,history,10,2010,0.8564208570368455
rice,history,10,2011,0.700733830940695
rice,history,10,2012,0.7034453825050574
rice,history,10,2013,0.8332115104459823
rice,history,10,2014,0.9089126111833152
rice,history,10,2015,0.8743671367504605
rice,history,10,2016,0.7199403976598524
rice,ridge,10,2002,0.60842704388172
rice,ridge,10,2003,1.5176223445674466
rice,ridge,10,2004,1.265202102395895
rice,ridge,10,2006,0.6928130461415695
rice,ridge,10,2007,0.693709690307583
rice,ridge,10,2008,0.9306907665134008
rice,ridge,10,2010,0.8421971112939524
rice,ridge,10,2011,0.7916132604922381
rice,ridge,10,2012,0.7920127567655059
rice,ridge,10,2013,0.8866876563391453
rice,ridge,10,2014,0.9193690397781521
rice,ridge,10,2015,0.9828671620271657
rice,ridge,10,2016,0.8573119885596856
rice,random_forest,10,2002,0.5609260648781867
rice,random_forest,10,2003,1.0304470600439692
rice,random_forest,10,2004,0.7125019103682338
rice,random_forest,10,2006,0.5939044661596177
rice,random_forest,10,2007,0.6153497086824445
rice,random_forest,10,2008,0.7860111955382798
rice,random_forest,10,2010,0.8484823078711139
rice,random_forest,10,2011,0.7199640980025089
rice,random_forest,10,2012,0.7779377226996435
rice,random_forest,10,2013,0.8122342557522967
rice,random_forest,10,2014,0.8798927101330978
rice,random_forest,10,2015,0.9650713684820565
rice,random_forest,10,2016,0.7135129799075177
rice,lightgbm,10,2002,0.5725414824284843
rice,lightgbm,10,2003,1.0681127974475824
rice,lightgbm,10,2004,0.6839741321767439
rice,lightgbm,10,2006,0.6126327676047448
rice,lightgbm,10,2007,0.633784179723046
rice,lightgbm,10,2008,0.7986043267203065
rice,lightgbm,10,2010,0.8494854232821867
rice,lightgbm,10,2011,0.7029481736442543
rice,lightgbm,10,2012,0.7855123487867091
rice,lightgbm,10,2013,0.8375776831963975
rice,lightgbm,10,2014,0.8591347180240873
rice,lightgbm,10,2015,0.9808106514308302
rice,lightgbm,10,2016,0.7432250719108963
rice,gru,10,2002,0.5818962731618397
rice,gru,10,2003,1.3844760282673467
rice,gru,10,2004,0.8013930033858918
rice,gru,10,2006,0.6290182667535759
rice,gru,10,2007,0.654544063188517
rice,gru,10,2008,0.8578409683716658
rice,gru,10,2010,0.864954401346516
rice,gru,10,2011,0.6653697372328258
rice,gru,10,2012,0.6818728972756803
rice,gru,10,2013,0.8521226457652835
rice,gru,10,2014,0.824638982947451
rice,gru,10,2015,0.9385295264766675
rice,gru,10,2016,0.7781732496995533
rice,transformer,10,2002,0.5995749578585617
rice,transformer,10,2003,1.3861791092522975
rice,transformer,10,2004,0.7478427052495873
rice,transformer,10,2006,0.6492872835261833
rice,transformer,10,2007,0.6494623297344587
rice,transformer,10,2008,0.8331951944956042
rice,transformer,10,2010,0.9132897783757817
rice,transformer,10,2011,0.72153017340214
rice,transformer,10,2012,0.7633769970053829
rice,transformer,10,2013,0.8589506857086207
rice,transformer,10,2014,0.8792111922730872
rice,transformer,10,2015,0.9514583083175923
rice,transformer,10,2016,0.8020831976579333
rice,cnn_rnn,10,2002,0.5930059986106018
rice,cnn_rnn,10,2003,1.3998463723890486
rice,cnn_rnn,10,2004,0.7201300975669042
rice,cnn_rnn,10,2006,0.6161465571070844
rice,cnn_rnn,10,2007,0.6253631440708237
rice,cnn_rnn,10,2008,0.8288062762111608
rice,cnn_rnn,10,2010,0.8460796423680472
rice,cnn_rnn,10,2011,0.7114760863275787
rice,cnn_rnn,10,2012,0.7204996096141449
rice,cnn_rnn,10,2013,0.8711781889951093
rice,cnn_rnn,10,2014,0.839782837130487
rice,cnn_rnn,10,2015,0.9138846170899853
rice,cnn_rnn,10,2016,0.7776187812173916
rice,world,10,2002,0.5632796519640638
rice,world,10,2003,1.0312324461535278
rice,world,10,2004,0.6681352693242005
rice,world,10,2006,0.6227532223619351
rice,world,10,2007,0.6440700055935192
rice,world,10,2008,0.826574905095547
rice,world,10,2010,0.8450186868061257
rice,world,10,2011,0.6652629401801298
rice,world,10,2012,0.6715250312037898
rice,world,10,2013,0.8168375158610447
rice,world,10,2014,0.8425683560251243
rice,world,10,2015,0.9046029112741333
rice,world,10,2016,0.6899532778579661
rice,history,30,2002,0.5895838945663392
rice,history,30,2003,1.0805375409719866
rice,history,30,2004,0.7111247468801328
rice,history,30,2006,0.613625383507937
rice,history,30,2007,0.6050517622360017
rice,history,30,2008,0.7874843094512567
rice,history,30,2010,0.8564208570368455
rice,history,30,2011,0.700733830940695
rice,history,30,2012,0.7034453825050574
rice,history,30,2013,0.8332115104459823
rice,history,30,2014,0.9089126111833152
rice,history,30,2015,0.8743671367504605
rice,history,30,2016,0.7199403976598524
rice,ridge,30,2002,0.6209098281580467
rice,ridge,30,2003,1.4419215471955187
rice,ridge,30,2004,1.1502361337041227
rice,ridge,30,2006,0.6920763506535461
rice,ridge,30,2007,0.6906309638777588
rice,ridge,30,2008,0.9235518953481527
rice,ridge,30,2010,0.8519400525299853
rice,ridge,30,2011,0.7927559130661418
rice,ridge,30,2012,0.7962900785076323
rice,ridge,30,2013,0.8826010954253328
rice,ridge,30,2014,0.9123728798493429
rice,ridge,30,2015,0.9742092294056454
rice,ridge,30,2016,0.8593175565187944
rice,random_forest,30,2002,0.5698205799695433
rice,random_forest,30,2003,1.0350069817389684
rice,random_forest,30,2004,0.6844035674087258
rice,random_forest,30,2006,0.5924954363412868
rice,random_forest,30,2007,0.6106854126325013
rice,random_forest,30,2008,0.7840072060061866
rice,random_forest,30,2010,0.860875664586189
rice,random_forest,30,2011,0.7172831796854018
rice,random_forest,30,2012,0.785689454962274
rice,random_forest,30,2013,0.810549894493823
rice,random_forest,30,2014,0.869776542422814
rice,random_forest,30,2015,0.9711250255487192
rice,random_forest,30,2016,0.7063841098044771
rice,lightgbm,30,2002,0.5998611150663115
rice,lightgbm,30,2003,1.093118234464491
rice,lightgbm,30,2004,0.6785287115476675
rice,lightgbm,30,2006,0.6039294100993822
rice,lightgbm,30,2007,0.6314167353309718
rice,lightgbm,30,2008,0.7989787460672674
rice,lightgbm,30,2010,0.8690352360988238
rice,lightgbm,30,2011,0.7197321675578139
rice,lightgbm,30,2012,0.7822081730502874
rice,lightgbm,30,2013,0.8350918038556991
rice,lightgbm,30,2014,0.8698847299324576
rice,lightgbm,30,2015,0.9794464495735755
rice,lightgbm,30,2016,0.727081138427039
rice,gru,30,2002,0.6005403547514406
rice,gru,30,2003,1.386774099621059
rice,gru,30,2004,0.7648433302232567
rice,gru,30,2006,0.6123641113143709
rice,gru,30,2007,0.6119161639258024
rice,gru,30,2008,0.8372484239093085
rice,gru,30,2010,0.922133639039983
rice,gru,30,2011,0.6935193502783735
rice,gru,30,2012,0.7296845785328646
rice,gru,30,2013,0.8365584272128533
rice,gru,30,2014,0.8439512534897239
rice,gru,30,2015,0.9693128025533291
rice,gru,30,2016,0.8008435839611515
rice,transformer,30,2002,0.6010271727563982
rice,transformer,30,2003,1.3680113469760204
rice,transformer,30,2004,0.7383326295769645
rice,transformer,30,2006,0.6500323752646513
rice,transformer,30,2007,0.5948652936284596
rice,transformer,30,2008,0.8670969732648943
rice,transformer,30,2010,0.8999029438905854
rice,transformer,30,2011,0.7479556585945744
rice,transformer,30,2012,0.7487430302819418
rice,transformer,30,2013,0.8532640009130239
rice,transformer,30,2014,0.8248502896307569
rice,transformer,30,2015,0.9367370141903351
rice,transformer,30,2016,0.7779004721343985
rice,cnn_rnn,30,2002,0.5977879699694213
rice,cnn_rnn,30,2003,1.3715916692766132
rice,cnn_rnn,30,2004,0.7162494527427797
rice,cnn_rnn,30,2006,0.6146788762920871
rice,cnn_rnn,30,2007,0.6293062093047024
rice,cnn_rnn,30,2008,0.8312590763509967
rice,cnn_rnn,30,2010,0.8689578110436321
rice,cnn_rnn,30,2011,0.6933740389243972
rice,cnn_rnn,30,2012,0.715700830287603
rice,cnn_rnn,30,2013,0.8561580809837566
rice,cnn_rnn,30,2014,0.8003834700906937
rice,cnn_rnn,30,2015,0.9029671598907961
rice,cnn_rnn,30,2016,0.7745782240942274
rice,world,30,2002,0.5779164965478975
rice,world,30,2003,1.0368364822296745
rice,world,30,2004,0.6691361735711712
rice,world,30,2006,0.6221228277520953
rice,world,30,2007,0.6409466769581321
rice,world,30,2008,0.8281052838741314
rice,world,30,2010,0.8501503390587238
rice,world,30,2011,0.6663970110461802
rice,world,30,2012,0.6745876045088967
rice,world,30,2013,0.8270800076231
rice,world,30,2014,0.8413488023957237
rice,world,30,2015,0.9078239686854945
rice,world,30,2016,0.6958735991626289
rice,history,50,2002,0.5895838945663392
rice,history,50,2003,1.0805375409719866
rice,history,50,2004,0.7111247468801328
rice,history,50,2006,0.613625383507937
rice,history,50,2007,0.6050517622360017
rice,history,50,2008,0.7874843094512567
rice,history,50,2010,0.8564208570368455
rice,history,50,2011,0.700733830940695
rice,history,50,2012,0.7034453825050574
rice,history,50,2013,0.8332115104459823
rice,history,50,2014,0.9089126111833152
rice,history,50,2015,0.8743671367504605
rice,history,50,2016,0.7199403976598524
rice,ridge,50,2002,0.6289814306683147
rice,ridge,50,2003,1.4849496383087721
rice,ridge,50,2004,1.190528950793682
rice,ridge,50,2006,0.6884926489196109
rice,ridge,50,2007,0.68635386833629
rice,ridge,50,2008,0.9319645664201481
rice,ridge,50,2010,0.8590923912804381
rice,ridge,50,2011,0.8010395103334482
rice,ridge,50,2012,0.812585560691959
rice,ridge,50,2013,0.8669505208459992
rice,ridge,50,2014,0.9376825908584231
rice,ridge,50,2015,0.9677099574980592
rice,ridge,50,2016,0.8570250051345603
rice,random_forest,50,2002,0.5744804924663589
rice,random_forest,50,2003,1.0876088350711213
rice,random_forest,50,2004,0.6930067558292516
rice,random_forest,50,2006,0.5945428781699371
rice,random_forest,50,2007,0.6053018768443128
rice,random_forest,50,2008,0.7903862528401799
rice,random_forest,50,2010,0.8656798724311606
rice,random_forest,50,2011,0.7167381976002068
rice,random_forest,50,2012,0.7995865776455785
rice,random_forest,50,2013,0.7953410065883104
rice,random_forest,50,2014,0.8904699627645504
rice,random_forest,50,2015,0.9728217881469393
rice,random_forest,50,2016,0.7012867036125984
rice,lightgbm,50,2002,0.6130523530729197
rice,lightgbm,50,2003,1.0774486018443772
rice,lightgbm,50,2004,0.6761037110767341
rice,lightgbm,50,2006,0.606541280597381
rice,lightgbm,50,2007,0.6313446802966065
rice,lightgbm,50,2008,0.7971829647601185
rice,lightgbm,50,2010,0.8870782895708452
rice,lightgbm,50,2011,0.7251198397782667
rice,lightgbm,50,2012,0.8063482015885807
rice,lightgbm,50,2013,0.8226755405898734
rice,lightgbm,50,2014,0.9150616349496468
rice,lightgbm,50,2015,0.9788817524603382
rice,lightgbm,50,2016,0.7289789956442413
rice,gru,50,2002,0.639434500652707
rice,gru,50,2003,1.3092391465208588
rice,gru,50,2004,0.7351277931906262
rice,gru,50,2006,0.6381386109167041
rice,gru,50,2007,0.6380154977192894
rice,gru,50,2008,0.8695989126447526
rice,gru,50,2010,0.9395304636705798
rice,gru,50,2011,0.7123572458722197
rice,gru,50,2012,0.7664482530261537
rice,gru,50,2013,0.813342226752758
rice,gru,50,2014,0.8656348782839964
rice,gru,50,2015,0.9344353287258051
rice,gru,50,2016,0.773167332023426
rice,transformer,50,2002,0.6504635704518806
rice,transformer,50,2003,1.3410585413217708
rice,transformer,50,2004,0.7079390141019735
rice,transformer,50,2006,0.6448424324926446
rice,transformer,50,2007,0.6285778673491469
rice,transformer,50,2008,0.9260255125238916
rice,transformer,50,2010,0.8981792480745184
rice,transformer,50,2011,0.7200159597423719
rice,transformer,50,2012,0.7753383734440285
rice,transformer,50,2013,0.8749141540340635
rice,transformer,50,2014,0.8346588801369528
rice,transformer,50,2015,0.9455760988660429
rice,transformer,50,2016,0.8323325735487797
rice,cnn_rnn,50,2002,0.6098081727380531
rice,cnn_rnn,50,2003,1.2729876744502138
rice,cnn_rnn,50,2004,0.7244170483199789
rice,cnn_rnn,50,2006,0.6276229823741781
rice,cnn_rnn,50,2007,0.6253311948672052
rice,cnn_rnn,50,2008,0.8474216520249782
rice,cnn_rnn,50,2010,0.8780329222057457
rice,cnn_rnn,50,2011,0.7001328565507691
rice,cnn_rnn,50,2012,0.7439198219551537
rice,cnn_rnn,50,2013,0.8467875983076869
rice,cnn_rnn,50,2014,0.823010044782898
rice,cnn_rnn,50,2015,0.9202406905642765
rice,cnn_rnn,50,2016,0.8125477787421517
rice,world,50,2002,0.5879109621868299
rice,world,50,2003,1.0395061760225814
rice,world,50,2004,0.6733880148752899
rice,world,50,2006,0.6237767601651664
rice,world,50,2007,0.6448524021816813
rice,world,50,2008,0.8331704721488252
rice,world,50,2010,0.8517870451686445
rice,world,50,2011,0.6683876366937659
rice,world,50,2012,0.6849906225237294
rice,world,50,2013,0.8229755685229151
rice,world,50,2014,0.8431721399703336
rice,world,50,2015,0.9109613557940242
rice,world,50,2016,0.6958716280793105
soybean,history,10,2002,0.2980213550558285
soybean,history,10,2003,0.45424452390814923
soybean,history,10,2004,0.3949931254896693
soybean,history,10,2006,0.22223837670058932
soybean,history,10,2007,0.30173258470857445
soybean,history,10,2008,0.27803757522418315
soybean,history,10,2010,0.2933384675631937
soybean,history,10,2011,0.2239147548991987
soybean,history,10,2012,0.27494028227552275
soybean,history,10,2013,0.2737925110017936
soybean,history,10,2014,0.26699328099833114
soybean,history,10,2015,0.43983111393904745
soybean,history,10,2016,0.3037615620583024
soybean,ridge,10,2002,0.2503770228454154
soybean,ridge,10,2003,0.5372440538809932
soybean,ridge,10,2004,0.4616344003234568
soybean,ridge,10,2006,0.2838893434048562
soybean,ridge,10,2007,0.381868462625589
soybean,ridge,10,2008,0.33466836080698065
soybean,ridge,10,2010,0.2652855195018682
soybean,ridge,10,2011,0.262544567990953
soybean,ridge,10,2012,0.27817963906902693
soybean,ridge,10,2013,0.3326149725865538
soybean,ridge,10,2014,0.2683712050471349
soybean,ridge,10,2015,0.4598114228364003
soybean,ridge,10,2016,0.4196359810176189
soybean,random_forest,10,2002,0.2752083474225775
soybean,random_forest,10,2003,0.39021287537958943
soybean,random_forest,10,2004,0.4334064137921046
soybean,random_forest,10,2006,0.2208154728036435
soybean,random_forest,10,2007,0.3759324607540014
soybean,random_forest,10,2008,0.3048766650266039
soybean,random_forest,10,2010,0.28274949350350187
soybean,random_forest,10,2011,0.27260098154918977
soybean,random_forest,10,2012,0.29446414722623204
soybean,random_forest,10,2013,0.28138733602020877
soybean,random_forest,10,2014,0.2443086554179693
soybean,random_forest,10,2015,0.42792498013119823
soybean,random_forest,10,2016,0.2599891477955952
soybean,lightgbm,10,2002,0.26638384253161296
soybean,lightgbm,10,2003,0.4036225542562168
soybean,lightgbm,10,2004,0.41916277532809926
soybean,lightgbm,10,2006,0.2596214997038814
soybean,lightgbm,10,2007,0.3631444880131241
soybean,lightgbm,10,2008,0.3008589183393685
soybean,lightgbm,10,2010,0.26905920376682463
soybean,lightgbm,10,2011,0.2765829693848198
soybean,lightgbm,10,2012,0.2752036953672274
soybean,lightgbm,10,2013,0.28287800990924566
soybean,lightgbm,10,2014,0.2514083870051605
soybean,lightgbm,10,2015,0.4338481749848637
soybean,lightgbm,10,2016,0.26183640287506993
soybean,gru,10,2002,0.2811295984039705
soybean,gru,10,2003,0.4496456131677646
soybean,gru,10,2004,0.3517345294251504
soybean,gru,10,2006,0.33008542907212685
soybean,gru,10,2007,0.3563349030971756
soybean,gru,10,2008,0.32931378192937916
soybean,gru,10,2010,0.27449886535788
soybean,gru,10,2011,0.30245750594988663
soybean,gru,10,2012,0.2749951153412875
soybean,gru,10,2013,0.3294406530342292
soybean,gru,10,2014,0.2858337536125935
soybean,gru,10,2015,0.46341935711513904
soybean,gru,10,2016,0.4514541024030095
soybean,transformer,10,2002,0.2687125222103719
soybean,transformer,10,2003,0.4353014466781293
soybean,transformer,10,2004,0.4058232753659406
soybean,transformer,10,2006,0.32755407843732287
soybean,transformer,10,2007,0.404524664819931
soybean,transformer,10,2008,0.33455260770745204
soybean,transformer,10,2010,0.30907764506937035
soybean,transformer,10,2011,0.31502486019868325
soybean,transformer,10,2012,0.31985378205245396
soybean,transformer,10,2013,0.339362703845993
soybean,transformer,10,2014,0.3080398316564856
soybean,transformer,10,2015,0.4562375099670788
soybean,transformer,10,2016,0.35346876418991136
soybean,cnn_rnn,10,2002,0.30710321007541963
soybean,cnn_rnn,10,2003,0.4507706423962256
soybean,cnn_rnn,10,2004,0.3563535666794437
soybean,cnn_rnn,10,2006,0.28452264539885835
soybean,cnn_rnn,10,2007,0.3798027278108639
soybean,cnn_rnn,10,2008,0.324228835562378
soybean,cnn_rnn,10,2010,0.2747530686212404
soybean,cnn_rnn,10,2011,0.2902170367894948
soybean,cnn_rnn,10,2012,0.301131945063608
soybean,cnn_rnn,10,2013,0.3206408097430202
soybean,cnn_rnn,10,2014,0.26020732634968896
soybean,cnn_rnn,10,2015,0.4445524607318741
soybean,cnn_rnn,10,2016,0.3960263164120439
soybean,world,10,2002,0.2813213006607415
soybean,world,10,2003,0.3929610350193848
soybean,world,10,2004,0.4045943410921257
soybean,world,10,2006,0.20870767589657624
soybean,world,10,2007,0.28395031006432636
soybean,world,10,2008,0.25315729841492746
soybean,world,10,2010,0.28673179272926985
soybean,world,10,2011,0.22669158005260387
soybean,world,10,2012,0.25263952344656404
soybean,world,10,2013,0.27206944810360295
soybean,world,10,2014,0.24813485269214455
soybean,world,10,2015,0.43907284166815297
soybean,world,10,2016,0.28446996883099385
soybean,history,30,2002,0.2980213550558285
soybean,history,30,2003,0.45424452390814923
soybean,history,30,2004,0.3949931254896693
soybean,history,30,2006,0.22223837670058932
soybean,history,30,2007,0.30173258470857445
soybean,history,30,2008,0.27803757522418315
soybean,history,30,2010,0.2933384675631937
soybean,history,30,2011,0.2239147548991987
soybean,history,30,2012,0.27494028227552275
soybean,history,30,2013,0.2737925110017936
soybean,history,30,2014,0.26699328099833114
soybean,history,30,2015,0.43983111393904745
soybean,history,30,2016,0.3037615620583024
soybean,ridge,30,2002,0.25540318372195964
soybean,ridge,30,2003,0.5597852011887341
soybean,ridge,30,2004,0.4921813287415142
soybean,ridge,30,2006,0.28123159373876655
soybean,ridge,30,2007,0.38986937039649694
soybean,ridge,30,2008,0.3325636412005714
soybean,ridge,30,2010,0.2669872106035356
soybean,ridge,30,2011,0.2622198121116812
soybean,ridge,30,2012,0.2751218917357629
soybean,ridge,30,2013,0.33920902164179195
soybean,ridge,30,2014,0.27423696193439895
soybean,ridge,30,2015,0.46007438910727866
soybean,ridge,30,2016,0.4187983235266668
soybean,random_forest,30,2002,0.2761880079539404
soybean,random_forest,30,2003,0.39388801594482087
soybean,random_forest,30,2004,0.4248092162397308
soybean,random_forest,30,2006,0.21436818506430172
soybean,random_forest,30,2007,0.37016242477376693
soybean,random_forest,30,2008,0.3069410490633397
soybean,random_forest,30,2010,0.2820046470359132
soybean,random_forest,30,2011,0.2688864331283142
soybean,random_forest,30,2012,0.29885867317713677
soybean,random_forest,30,2013,0.27993602485195257
soybean,random_forest,30,2014,0.2595940017278371
soybean,random_forest,30,2015,0.43048031831426253
soybean,random_forest,30,2016,0.26987657664379766
soybean,lightgbm,30,2002,0.2719059345118858
soybean,lightgbm,30,2003,0.40454605729886556
soybean,lightgbm,30,2004,0.4293110217966138
soybean,lightgbm,30,2006,0.260423046489528
soybean,lightgbm,30,2007,0.3638590730018479
soybean,lightgbm,30,2008,0.30055299722580286
soybean,lightgbm,30,2010,0.26976822235057357
soybean,lightgbm,30,2011,0.26288140031242574
soybean,lightgbm,30,2012,0.27665150203481825
soybean,lightgbm,30,2013,0.28680203428711687
soybean,lightgbm,30,2014,0.25761866857137583
soybean,lightgbm,30,2015,0.434407788242006
soybean,lightgbm,30,2016,0.27507117566316713
soybean,gru,30,2002,0.27912121640633797
soybean,gru,30,2003,0.4438975037596183
soybean,gru,30,2004,0.3470774096281618
soybean,gru,30,2006,0.3212563381442313
soybean,gru,30,2007,0.3537520733620304
soybean,gru,30,2008,0.329993426770162
soybean,gru,30,2010,0.27247610193672334
soybean,gru,30,2011,0.29414492718719326
soybean,gru,30,2012,0.2762391389083155
soybean,gru,30,2013,0.32996512932912675
soybean,gru,30,2014,0.2854763224263548
soybean,gru,30,2015,0.4609330879356712
soybean,gru,30,2016,0.4536705249101419
soybean,transformer,30,2002,0.27466103047545076
soybean,transformer,30,2003,0.4729844222113598
soybean,transformer,30,2004,0.4672054806283073
soybean,transformer,30,2006,0.3352384846087096
soybean,transformer,30,2007,0.3904900096864303
soybean,transformer,30,2008,0.3090132426437011
soybean,transformer,30,2010,0.28576280919644587
soybean,transformer,30,2011,0.3258433258459991
soybean,transformer,30,2012,0.30178446765333916
soybean,transformer,30,2013,0.334473454687311
soybean,transformer,30,2014,0.30306497975774027
soybean,transformer,30,2015,0.4554569543526099
soybean,transformer,30,2016,0.35142705873387853
soybean,cnn_rnn,30,2002,0.2557796899271816
soybean,cnn_rnn,30,2003,0.42093226472394113
soybean,cnn_rnn,30,2004,0.3842765947016773
soybean,cnn_rnn,30,2006,0.29906299065354863
soybean,cnn_rnn,30,2007,0.38659666744224314
soybean,cnn_rnn,30,2008,0.3200720183779698
soybean,cnn_rnn,30,2010,0.2698674590125488
soybean,cnn_rnn,30,2011,0.2901128665213651
soybean,cnn_rnn,30,2012,0.291036824429885
soybean,cnn_rnn,30,2013,0.32892335928861066
soybean,cnn_rnn,30,2014,0.27847797372630656
soybean,cnn_rnn,30,2015,0.44906590117492895
soybean,cnn_rnn,30,2016,0.4192400260123693
soybean,world,30,2002,0.282346670288658
soybean,world,30,2003,0.39710797800703845
soybean,world,30,2004,0.410464544057981
soybean,world,30,2006,0.21123648592634414
soybean,world,30,2007,0.28490899979719686
soybean,world,30,2008,0.25546807181757053
soybean,world,30,2010,0.2908047262194784
soybean,world,30,2011,0.2299885265944232
soybean,world,30,2012,0.25555721167195666
soybean,world,30,2013,0.2775952449182368
soybean,world,30,2014,0.2535296008714878
soybean,world,30,2015,0.4404518051623582
soybean,world,30,2016,0.2876717007776336
soybean,history,50,2002,0.2980213550558285
soybean,history,50,2003,0.45424452390814923
soybean,history,50,2004,0.3949931254896693
soybean,history,50,2006,0.22223837670058932
soybean,history,50,2007,0.30173258470857445
soybean,history,50,2008,0.27803757522418315
soybean,history,50,2010,0.2933384675631937
soybean,history,50,2011,0.2239147548991987
soybean,history,50,2012,0.27494028227552275
soybean,history,50,2013,0.2737925110017936
soybean,history,50,2014,0.26699328099833114
soybean,history,50,2015,0.43983111393904745
soybean,history,50,2016,0.3037615620583024
soybean,ridge,50,2002,0.25942833056319375
soybean,ridge,50,2003,0.6019896341318018
soybean,ridge,50,2004,0.47773102291375125
soybean,ridge,50,2006,0.2800378192083444
soybean,ridge,50,2007,0.390268263317828
soybean,ridge,50,2008,0.3266663860964082
soybean,ridge,50,2010,0.2600315082189031
soybean,ridge,50,2011,0.25981656209902376
soybean,ridge,50,2012,0.28651769442664954
soybean,ridge,50,2013,0.3314132260640131
soybean,ridge,50,2014,0.29140967949597707
soybean,ridge,50,2015,0.4629417469388334
soybean,ridge,50,2016,0.3867582329631588
soybean,random_forest,50,2002,0.289937701522216
soybean,random_forest,50,2003,0.41011402392535706
soybean,random_forest,50,2004,0.45368855210248393
soybean,random_forest,50,2006,0.21613800009268286
soybean,random_forest,50,2007,0.38972386463674275
soybean,random_forest,50,2008,0.3067267070315166
soybean,random_forest,50,2010,0.27824395020424114
soybean,random_forest,50,2011,0.2651646942423893
soybean,random_forest,50,2012,0.30908819770309903
soybean,random_forest,50,2013,0.2858331012618429
soybean,random_forest,50,2014,0.2703199639736815
soybean,random_forest,50,2015,0.4355706664709409
soybean,random_forest,50,2016,0.28245357411571453
soybean,lightgbm,50,2002,0.2745384859274449
soybean,lightgbm,50,2003,0.40964080353835125
soybean,lightgbm,50,2004,0.44462047859087317
soybean,lightgbm,50,2006,0.2727873821303045
soybean,lightgbm,50,2007,0.3692648451237945
soybean,lightgbm,50,2008,0.3044444593385837
soybean,lightgbm,50,2010,0.26853403866059083
soybean,lightgbm,50,2011,0.26234727857337736
soybean,lightgbm,50,2012,0.290181233679462
soybean,lightgbm,50,2013,0.29060022650027867
soybean,lightgbm,50,2014,0.27021568750148783
soybean,lightgbm,50,2015,0.439837791423202
soybean,lightgbm,50,2016,0.2809011446632174
soybean,gru,50,2002,0.2795118993810842
soybean,gru,50,2003,0.4290013340830797
soybean,gru,50,2004,0.44637258710594974
soybean,gru,50,2006,0.33563204911531747
soybean,gru,50,2007,0.3920282672776149
soybean,gru,50,2008,0.3389899521494334
soybean,gru,50,2010,0.27497169029633195
soybean,gru,50,2011,0.27377432426602194
soybean,gru,50,2012,0.299610351112095
soybean,gru,50,2013,0.3325003213310572
soybean,gru,50,2014,0.30425765318360887
soybean,gru,50,2015,0.45724589352132866
soybean,gru,50,2016,0.4309883499534501
soybean,transformer,50,2002,0.27524911172276717
soybean,transformer,50,2003,0.43176673835393914
soybean,transformer,50,2004,0.43253707479108555
soybean,transformer,50,2006,0.3435787902221916
soybean,transformer,50,2007,0.4270119774879997
soybean,transformer,50,2008,0.35552964087132743
soybean,transformer,50,2010,0.306395960656421
soybean,transformer,50,2011,0.3501083255621549
soybean,transformer,50,2012,0.3118099663377485
soybean,transformer,50,2013,0.34503837922239095
soybean,transformer,50,2014,0.3179263770155473
soybean,transformer,50,2015,0.460308039239364
soybean,transformer,50,2016,0.33918148076164867
soybean,cnn_rnn,50,2002,0.3156140318330284
soybean,cnn_rnn,50,2003,0.426537711743434
soybean,cnn_rnn,50,2004,0.4015925295419354
soybean,cnn_rnn,50,2006,0.2983075628489058
soybean,cnn_rnn,50,2007,0.42325881048787384
soybean,cnn_rnn,50,2008,0.3413302380833224
soybean,cnn_rnn,50,2010,0.27553463787249177
soybean,cnn_rnn,50,2011,0.29047845529925614
soybean,cnn_rnn,50,2012,0.3017667429619986
soybean,cnn_rnn,50,2013,0.3341536839030685
soybean,cnn_rnn,50,2014,0.28931609273091075
soybean,cnn_rnn,50,2015,0.4571089440280406
soybean,cnn_rnn,50,2016,0.4455368681242528
soybean,world,50,2002,0.2884368886140161
soybean,world,50,2003,0.3981940579693224
soybean,world,50,2004,0.4223050985947534
soybean,world,50,2006,0.21373447737196793
soybean,world,50,2007,0.28709637576066954
soybean,world,50,2008,0.2593183434078443
soybean,world,50,2010,0.29347705018522713
soybean,world,50,2011,0.23183766123681757
soybean,world,50,2012,0.2600937641843988
soybean,world,50,2013,0.28006553560807385
soybean,world,50,2014,0.2591226829630229
soybean,world,50,2015,0.4424171323553929
soybean,world,50,2016,0.2919677257937252
wheat,history,10,2002,0.8855595242320934
wheat,history,10,2003,1.1377799957181465
wheat,history,10,2004,0.8240185452544508
wheat,history,10,2006,0.6972202186766334
wheat,history,10,2007,0.6408570589766235
wheat,history,10,2008,0.7313750010050061
wheat,history,10,2010,0.8505191582368461
wheat,history,10,2011,0.5204381639040992
wheat,history,10,2012,0.5426671187391325
wheat,history,10,2013,0.5919319727567786
wheat,history,10,2014,0.5950900661882768
wheat,history,10,2015,1.3646772681318249
wheat,history,10,2016,0.755266646833081
wheat,ridge,10,2002,0.8000023561678435
wheat,ridge,10,2003,1.414600237181933
wheat,ridge,10,2004,0.8822365545246506
wheat,ridge,10,2006,0.8586151924287212
wheat,ridge,10,2007,0.7946148375333492
wheat,ridge,10,2008,0.7851123397195507
wheat,ridge,10,2010,0.8643320079875648
wheat,ridge,10,2011,0.5544682942388868
wheat,ridge,10,2012,0.605875519265349
wheat,ridge,10,2013,0.6420274229158893
wheat,ridge,10,2014,0.6235183531016456
wheat,ridge,10,2015,1.2805198404123483
wheat,ridge,10,2016,0.8641339127878443
wheat,random_forest,10,2002,0.7652050824880134
wheat,random_forest,10,2003,1.4180869469479704
wheat,random_forest,10,2004,0.8441250068757358
wheat,random_forest,10,2006,0.7422626343440443
wheat,random_forest,10,2007,0.7046060068680282
wheat,random_forest,10,2008,0.6651683753132221
wheat,random_forest,10,2010,0.833232025477364
wheat,random_forest,10,2011,0.5539873729574267
wheat,random_forest,10,2012,0.5811304068477194
wheat,random_forest,10,2013,0.6201060696990527
wheat,random_forest,10,2014,0.6719767623596026
wheat,random_forest,10,2015,1.2190707515571138
wheat,random_forest,10,2016,0.8819704299821964
wheat,lightgbm,10,2002,0.7487987451417853
wheat,lightgbm,10,2003,1.327270454066921
wheat,lightgbm,10,2004,0.8007636232271651
wheat,lightgbm,10,2006,0.7518027702369958
wheat,lightgbm,10,2007,0.6763946876210215
wheat,lightgbm,10,2008,0.6626427861030193
wheat,lightgbm,10,2010,0.8307816831556865
wheat,lightgbm,10,2011,0.5537998166274593
wheat,lightgbm,10,2012,0.5934526830325852
wheat,lightgbm,10,2013,0.641013175907934
wheat,lightgbm,10,2014,0.6791054228181617
wheat,lightgbm,10,2015,1.1947774915167781
wheat,lightgbm,10,2016,0.854424520591017
wheat,gru,10,2002,0.7950522786487627
wheat,gru,10,2003,1.4329401240987818
wheat,gru,10,2004,0.8452487908966491
wheat,gru,10,2006,0.7547589517634335
wheat,gru,10,2007,0.8101143177221626
wheat,gru,10,2008,0.7405623422192255
wheat,gru,10,2010,0.8238335295006448
wheat,gru,10,2011,0.5864681027584625
wheat,gru,10,2012,0.5913051084946658
wheat,gru,10,2013,0.6269346601012896
wheat,gru,10,2014,0.6970164678545442
wheat,gru,10,2015,1.3358118195041329
wheat,gru,10,2016,0.746510367830081
wheat,transformer,10,2002,0.755424170510233
wheat,transformer,10,2003,1.3819278898409677
wheat,transformer,10,2004,0.8992912219889041
wheat,transformer,10,2006,0.8722353299673572
wheat,transformer,10,2007,0.7244224056453537
wheat,transformer,10,2008,0.8327400120010611
wheat,transformer,10,2010,0.7837711611803012
wheat,transformer,10,2011,0.5696996196851062
wheat,transformer,10,2012,0.6175857954974039
wheat,transformer,10,2013,0.6591860760388835
wheat,transformer,10,2014,0.7138297628906979
wheat,transformer,10,2015,1.3583985712620494
wheat,transformer,10,2016,0.7687835988510479
wheat,cnn_rnn,10,2002,0.7346437603753757
wheat,cnn_rnn,10,2003,1.4138340190142333
wheat,cnn_rnn,10,2004,0.9383732850659718
wheat,cnn_rnn,10,2006,0.7463907005600314
wheat,cnn_rnn,10,2007,0.8527494927437911
wheat,cnn_rnn,10,2008,0.7132218335331626
wheat,cnn_rnn,10,2010,0.860138681659358
wheat,cnn_rnn,10,2011,0.5720226099639312
wheat,cnn_rnn,10,2012,0.6031433393131815
wheat,cnn_rnn,10,2013,0.6083250797730807
wheat,cnn_rnn,10,2014,0.6920756089578787
wheat,cnn_rnn,10,2015,1.2829802723472046
wheat,cnn_rnn,10,2016,0.7915683490185741
wheat,world,10,2002,0.7351433293519726
wheat,world,10,2003,1.2202783522001057
wheat,world,10,2004,0.8031027513209003
wheat,world,10,2006,0.6993189601355345
wheat,world,10,2007,0.6494854184685546
wheat,world,10,2008,0.6504556071664311
wheat,world,10,2010,0.8220880058447424
wheat,world,10,2011,0.505236909696141
wheat,world,10,2012,0.5364836917037372
wheat,world,10,2013,0.5850303238394909
wheat,world,10,2014,0.5872808508841499
wheat,world,10,2015,1.3738273693539325
wheat,world,10,2016,0.7674382923706705
wheat,history,30,2002,0.8855595242320934
wheat,history,30,2003,1.1377799957181465
wheat,history,30,2004,0.8240185452544508
wheat,history,30,2006,0.6972202186766334
wheat,history,30,2007,0.6408570589766235
wheat,history,30,2008,0.7313750010050061
wheat,history,30,2010,0.8505191582368461
wheat,history,30,2011,0.5204381639040992
wheat,history,30,2012,0.5426671187391325
wheat,history,30,2013,0.5919319727567786
wheat,history,30,2014,0.5950900661882768
wheat,history,30,2015,1.3646772681318249
wheat,history,30,2016,0.755266646833081
wheat,ridge,30,2002,0.8141143356185515
wheat,ridge,30,2003,1.3568734002298273
wheat,ridge,30,2004,0.8623678065723113
wheat,ridge,30,2006,0.8660882734988451
wheat,ridge,30,2007,0.8067736903089281
wheat,ridge,30,2008,0.7844815711675209
wheat,ridge,30,2010,0.8603161148727568
wheat,ridge,30,2011,0.5458929493280129
wheat,ridge,30,2012,0.6210815595713197
wheat,ridge,30,2013,0.6907083958556108
wheat,ridge,30,2014,0.6637956725519454
wheat,ridge,30,2015,1.3118600695851668
wheat,ridge,30,2016,0.949757113497898
wheat,random_forest,30,2002,0.7850471978369956
wheat,random_forest,30,2003,1.3868384595270902
wheat,random_forest,30,2004,0.8358235922930836
wheat,random_forest,30,2006,0.7477323779267896
wheat,random_forest,30,2007,0.7041198161518577
wheat,random_forest,30,2008,0.6479541752534993
wheat,random_forest,30,2010,0.8303544299091338
wheat,random_forest,30,2011,0.5528254910516448
wheat,random_forest,30,2012,0.5875944578489342
wheat,random_forest,30,2013,0.6352324284842458
wheat,random_forest,30,2014,0.6793160360274836
wheat,random_forest,30,2015,1.2156943415753556
wheat,random_forest,30,2016,0.8786507170010719
wheat,lightgbm,30,2002,0.7652043717981251
wheat,lightgbm,30,2003,1.2598771880809465
wheat,lightgbm,30,2004,0.7853815872328203
wheat,lightgbm,30,2006,0.7255670708277333
wheat,lightgbm,30,2007,0.674130492292661
wheat,lightgbm,30,2008,0.662412584319278
wheat,lightgbm,30,2010,0.808755818066429
wheat,lightgbm,30,2011,0.5442888513105953
wheat,lightgbm,30,2012,0.5985655930956831
wheat,lightgbm,30,2013,0.65224560610003
wheat,lightgbm,30,2014,0.6891292113622598
wheat,lightgbm,30,2015,1.1928093704619989
wheat,lightgbm,30,2016,0.8594547877087372
wheat,gru,30,2002,0.7960904669403095
wheat,gru,30,2003,1.4595268306768725
wheat,gru,30,2004,0.8750133396249179
wheat,gru,30,2006,0.7738359229769645
wheat,gru,30,2007,0.8599894795531167
wheat,gru,30,2008,0.7861224787061164
wheat,gru,30,2010,0.7889736005251916
wheat,gru,30,2011,0.5961100758924369
wheat,gru,30,2012,0.6445387042242716
wheat,gru,30,2013,0.692857764402641
wheat,gru,30,2014,0.7246286097476382
wheat,gru,30,2015,1.3320988801102631
wheat,gru,30,2016,0.7955345834849601
wheat,transformer,30,2002,0.7684038586491082
wheat,transformer,30,2003,1.5639786858942872
wheat,transformer,30,2004,1.3463744170533738
wheat,transformer,30,2006,0.7759180773466261
wheat,transformer,30,2007,0.8319843694431659
wheat,transformer,30,2008,0.8637919952042442
wheat,transformer,30,2010,0.7770498148403762
wheat,transformer,30,2011,0.595082879152699
wheat,transformer,30,2012,0.6387836796566212
wheat,transformer,30,2013,0.6322558510485898
wheat,transformer,30,2014,0.6334068385661505
wheat,transformer,30,2015,1.3563199234466525
wheat,transformer,30,2016,0.7906062597060861
wheat,cnn_rnn,30,2002,0.7526416521396543
wheat,cnn_rnn,30,2003,1.4548122580811544
wheat,cnn_rnn,30,2004,0.9999157653508136
wheat,cnn_rnn,30,2006,0.8428998556124069
wheat,cnn_rnn,30,2007,0.878680950164227
wheat,cnn_rnn,30,2008,0.7833719014949636
wheat,cnn_rnn,30,2010,0.8495469054781777
wheat,cnn_rnn,30,2011,0.552526542678813
wheat,cnn_rnn,30,2012,0.5980824287954504
wheat,cnn_rnn,30,2013,0.6144407072246005
wheat,cnn_rnn,30,2014,0.7011580342374827
wheat,cnn_rnn,30,2015,1.2951310506332823
wheat,cnn_rnn,30,2016,0.8132105381414644
wheat,world,30,2002,0.7320943436876202
wheat,world,30,2003,1.2220328448594586
wheat,world,30,2004,0.8027401767315936
wheat,world,30,2006,0.7028423191480226
wheat,world,30,2007,0.6533745919074531
wheat,world,30,2008,0.6536104447747231
wheat,world,30,2010,0.8265781374553544
wheat,world,30,2011,0.5060509927819625
wheat,world,30,2012,0.5366591101615608
wheat,world,30,2013,0.5886646884454866
wheat,world,30,2014,0.5881304551083096
wheat,world,30,2015,1.3756836668602832
wheat,world,30,2016,0.7697970125539729
wheat,history,50,2002,0.8855595242320934
wheat,history,50,2003,1.1377799957181465
wheat,history,50,2004,0.8240185452544508
wheat,history,50,2006,0.6972202186766334
wheat,history,50,2007,0.6408570589766235
wheat,history,50,2008,0.7313750010050061
wheat,history,50,2010,0.8505191582368461
wheat,history,50,2011,0.5204381639040992
wheat,history,50,2012,0.5426671187391325
wheat,history,50,2013,0.5919319727567786
wheat,history,50,2014,0.5950900661882768
wheat,history,50,2015,1.3646772681318249
wheat,history,50,2016,0.755266646833081
wheat,ridge,50,2002,0.8198361375291566
wheat,ridge,50,2003,1.4541154265645058
wheat,ridge,50,2004,0.8691690530472617
wheat,ridge,50,2006,0.8628613912013898
wheat,ridge,50,2007,0.8482991029540241
wheat,ridge,50,2008,0.7981026764887454
wheat,ridge,50,2010,0.8798921662379409
wheat,ridge,50,2011,0.568486011817646
wheat,ridge,50,2012,0.6195281587976954
wheat,ridge,50,2013,0.724311054091919
wheat,ridge,50,2014,0.6840500070816934
wheat,ridge,50,2015,1.2772722640543195
wheat,ridge,50,2016,0.8991887658221197
wheat,random_forest,50,2002,0.8377191276035831
wheat,random_forest,50,2003,1.3016227406438552
wheat,random_forest,50,2004,0.8241818133650328
wheat,random_forest,50,2006,0.7434727421954278
wheat,random_forest,50,2007,0.7072034845474074
wheat,random_forest,50,2008,0.6646051295153548
wheat,random_forest,50,2010,0.8474176618699026
wheat,random_forest,50,2011,0.5509492297045452
wheat,random_forest,50,2012,0.5853728452970381
wheat,random_forest,50,2013,0.6409613928475171
wheat,random_forest,50,2014,0.6892327588027705
wheat,random_forest,50,2015,1.2238630880432533
wheat,random_forest,50,2016,0.8428016989647025
wheat,lightgbm,50,2002,0.791915997684383
wheat,lightgbm,50,2003,1.2944743697193062
wheat,lightgbm,50,2004,0.8250254909153183
wheat,lightgbm,50,2006,0.7145358302657191
wheat,lightgbm,50,2007,0.6733930563390598
wheat,lightgbm,50,2008,0.6628167715724718
wheat,lightgbm,50,2010,0.7659734091405893
wheat,lightgbm,50,2011,0.5203145702644784
wheat,lightgbm,50,2012,0.5615244358063711
wheat,lightgbm,50,2013,0.6137928758345751
wheat,lightgbm,50,2014,0.6302262409808912
wheat,lightgbm,50,2015,1.2704947587940254
wheat,lightgbm,50,2016,0.7635978031336327
wheat,gru,50,2002,0.8209721732017825
wheat,gru,50,2003,1.4972567070884395
wheat,gru,50,2004,0.9831011324592428
wheat,gru,50,2006,0.7213356181934492
wheat,gru,50,2007,0.8246156385446051
wheat,gru,50,2008,0.7038575406912146
wheat,gru,50,2010,0.7813995511932442
wheat,gru,50,2011,0.579075746760257
wheat,gru,50,2012,0.6313270628979539
wheat,gru,50,2013,0.6660847177504198
wheat,gru,50,2014,0.6923182938443772
wheat,gru,50,2015,1.3277350625568325
wheat,gru,50,2016,0.8026813129368464
wheat,transformer,50,2002,0.7653325407717356
wheat,transformer,50,2003,1.550726493661705
wheat,transformer,50,2004,1.1135925327474876
wheat,transformer,50,2006,0.8663450632736813
wheat,transformer,50,2007,0.8885759817604367
wheat,transformer,50,2008,0.8719276318979575
wheat,transformer,50,2010,0.8133423156827952
wheat,transformer,50,2011,0.6006411451470326
wheat,transformer,50,2012,0.6100664870601812
wheat,transformer,50,2013,0.6685811638946255
wheat,transformer,50,2014,0.6554083123588686
wheat,transformer,50,2015,1.347757676297778
wheat,transformer,50,2016,0.8138090320528925
wheat,cnn_rnn,50,2002,0.767367603021196
wheat,cnn_rnn,50,2003,1.5398559735235962
wheat,cnn_rnn,50,2004,1.0676170773917968
wheat,cnn_rnn,50,2006,0.7901753112261293
wheat,cnn_rnn,50,2007,0.8867976894118522
wheat,cnn_rnn,50,2008,0.7341901402960767
wheat,cnn_rnn,50,2010,0.7946564885955648
wheat,cnn_rnn,50,2011,0.5767730135708183
wheat,cnn_rnn,50,2012,0.6220735176301735
wheat,cnn_rnn,50,2013,0.6837422368083212
wheat,cnn_rnn,50,2014,0.7261027259414924
wheat,cnn_rnn,50,2015,1.2542048076756909
wheat,cnn_rnn,50,2016,0.9525730614832024
wheat,world,50,2002,0.7395592210546954
wheat,world,50,2003,1.2351175143325077
wheat,world,50,2004,0.8191797416864516
wheat,world,50,2006,0.7090685999735767
wheat,world,50,2007,0.6574271022780638
wheat,world,50,2008,0.661156955667478
wheat,world,50,2010,0.8324986285191082
wheat,world,50,2011,0.5127139390459516
wheat,world,50,2012,0.5384375702145533
wheat,world,50,2013,0.5939007330209432
wheat,world,50,2014,0.5890580063477099
wheat,world,50,2015,1.3760084703966513
wheat,world,50,2016,0.7722124525357836
