crop,cutoff,seed,model,percent,year,rmse
maize,2001,42,world,70,2002,0.6394904257273452
maize,2001,42,world,70,2003,1.0798116799478052
maize,2001,42,world,70,2004,0.838200703011117
maize,2001,42,lightgbm,70,2002,0.6550019091455648
maize,2001,42,lightgbm,70,2003,1.2246438856374786
maize,2001,42,lightgbm,70,2004,0.8192997433953564
maize,2001,42,random_forest,70,2002,0.6827700791587389
maize,2001,42,random_forest,70,2003,1.1787262195681898
maize,2001,42,random_forest,70,2004,0.8404509553361567
maize,2001,45,world,70,2002,0.6411768223344255
maize,2001,45,world,70,2003,1.0807264706535542
maize,2001,45,world,70,2004,0.8261183236240374
maize,2001,45,lightgbm,70,2002,0.6509485582040274
maize,2001,45,lightgbm,70,2003,1.2246098823995721
maize,2001,45,lightgbm,70,2004,0.8141474681563354
maize,2001,45,random_forest,70,2002,0.6845624065537437
maize,2001,45,random_forest,70,2003,1.1660692243169166
maize,2001,45,random_forest,70,2004,0.8435211935075178
maize,2001,48,world,70,2002,0.6482970361543676
maize,2001,48,world,70,2003,1.0962166921737355
maize,2001,48,world,70,2004,0.8145757796644417
maize,2001,48,lightgbm,70,2002,0.6573928844831355
maize,2001,48,lightgbm,70,2003,1.2249007120155293
maize,2001,48,lightgbm,70,2004,0.8123820540349235
maize,2001,48,random_forest,70,2002,0.6861834548338442
maize,2001,48,random_forest,70,2003,1.1800647884918734
maize,2001,48,random_forest,70,2004,0.8427002471792033
maize,2005,42,world,70,2006,0.6539954207239684
maize,2005,42,world,70,2007,0.7395724145062879
maize,2005,42,world,70,2008,0.7303715591352031
maize,2005,42,lightgbm,70,2006,0.6301858496775132
maize,2005,42,lightgbm,70,2007,0.746164828638601
maize,2005,42,lightgbm,70,2008,0.7042859487138174
maize,2005,42,random_forest,70,2006,0.6276576130957288
maize,2005,42,random_forest,70,2007,0.7228424733115425
maize,2005,42,random_forest,70,2008,0.6830012453548976
maize,2005,45,world,70,2006,0.6527631885771434
maize,2005,45,world,70,2007,0.7535487918822187
maize,2005,45,world,70,2008,0.7233062503396366
maize,2005,45,lightgbm,70,2006,0.6336952384569716
maize,2005,45,lightgbm,70,2007,0.7468620674904061
maize,2005,45,lightgbm,70,2008,0.7192422091388246
maize,2005,45,random_forest,70,2006,0.6312951216440742
maize,2005,45,random_forest,70,2007,0.7238936368411067
maize,2005,45,random_forest,70,2008,0.6852450312890508
maize,2005,48,world,70,2006,0.6640353728074098
maize,2005,48,world,70,2007,0.745926758471243
maize,2005,48,world,70,2008,0.740135942361163
maize,2005,48,lightgbm,70,2006,0.6343287580984739
maize,2005,48,lightgbm,70,2007,0.7483019881962529
maize,2005,48,lightgbm,70,2008,0.7030971749647118
maize,2005,48,random_forest,70,2006,0.6267717320044656
maize,2005,48,random_forest,70,2007,0.7229903085355455
maize,2005,48,random_forest,70,2008,0.682869419663433
maize,2009,42,world,70,2010,0.7416132834163779
maize,2009,42,world,70,2011,0.7840604665747989
maize,2009,42,world,70,2012,1.0280288614922073
maize,2009,42,world,70,2013,0.8539644760281372
maize,2009,42,world,70,2014,0.7816803186187755
maize,2009,42,world,70,2015,1.552008206697306
maize,2009,42,world,70,2016,0.7064437958896862
maize,2009,42,lightgbm,70,2010,0.7115580468035139
maize,2009,42,lightgbm,70,2011,0.8150590571415456
maize,2009,42,lightgbm,70,2012,1.1424831196291734
maize,2009,42,lightgbm,70,2013,0.8253802121624741
maize,2009,42,lightgbm,70,2014,0.7515680863719156
maize,2009,42,lightgbm,70,2015,1.5707272720124152
maize,2009,42,lightgbm,70,2016,0.6939656671206577
maize,2009,42,random_forest,70,2010,0.734139965632394
maize,2009,42,random_forest,70,2011,0.8190318483255526
maize,2009,42,random_forest,70,2012,1.1741366589043158
maize,2009,42,random_forest,70,2013,0.8302650752830033
maize,2009,42,random_forest,70,2014,0.8058265913930179
maize,2009,42,random_forest,70,2015,1.5833039601854257
maize,2009,42,random_forest,70,2016,0.7429442101991973
maize,2009,45,world,70,2010,0.7387498295835002
maize,2009,45,world,70,2011,0.7918129077241578
maize,2009,45,world,70,2012,1.0539748670604734
maize,2009,45,world,70,2013,0.852587402317054
maize,2009,45,world,70,2014,0.7799799515948224
maize,2009,45,world,70,2015,1.553346870893324
maize,2009,45,world,70,2016,0.7105698806168621
maize,2009,45,lightgbm,70,2010,0.7106265194197289
maize,2009,45,lightgbm,70,2011,0.8148624960359853
maize,2009,45,lightgbm,70,2012,1.14717867837147
maize,2009,45,lightgbm,70,2013,0.832739691536588
maize,2009,45,lightgbm,70,2014,0.7499600745197683
maize,2009,45,lightgbm,70,2015,1.5786663033297779
maize,2009,45,lightgbm,70,2016,0.681534979454663
maize,2009,45,random_forest,70,2010,0.7368888966691843
maize,2009,45,random_forest,70,2011,0.8192788871357481
maize,2009,45,random_forest,70,2012,1.172796235503167
maize,2009,45,random_forest,70,2013,0.8353180966857486
maize,2009,45,random_forest,70,2014,0.8050263554550026
maize,2009,45,random_forest,70,2015,1.5774489358396024
maize,2009,45,random_forest,70,2016,0.7471771361607651
maize,2009,48,world,70,2010,0.732899753243822
maize,2009,48,world,70,2011,0.7983840829695632
maize,2009,48,world,70,2012,1.056349720416087
maize,2009,48,world,70,2013,0.8605363583978195
maize,2009,48,world,70,2014,0.7758959703341752
maize,2009,48,world,70,2015,1.552571361380558
maize,2009,48,world,70,2016,0.703957690677328
maize,2009,48,lightgbm,70,2010,0.7084912252251082
maize,2009,48,lightgbm,70,2011,0.811542017217476
maize,2009,48,lightgbm,70,2012,1.135294478565659
maize,2009,48,lightgbm,70,2013,0.832060615632045
maize,2009,48,lightgbm,70,2014,0.757245109553383
maize,2009,48,lightgbm,70,2015,1.5835724868698282
maize,2009,48,lightgbm,70,2016,0.6834894822749715
maize,2009,48,random_forest,70,2010,0.7317907610593481
maize,2009,48,random_forest,70,2011,0.8191845123570013
maize,2009,48,random_forest,70,2012,1.170006674150231
maize,2009,48,random_forest,70,2013,0.8289504796878944
maize,2009,48,random_forest,70,2014,0.8096755388872112
maize,2009,48,random_forest,70,2015,1.5768772085724945
maize,2009,48,random_forest,70,2016,0.7446912678313344
rice,2001,42,world,70,2002,0.6191478385914932
rice,2001,42,world,70,2003,1.0419529990069814
rice,2001,42,world,70,2004,0.6789659243871922
rice,2001,42,lightgbm,70,2002,0.6546554477773677
rice,2001,42,lightgbm,70,2003,1.1101084717745107
rice,2001,42,lightgbm,70,2004,0.7068761277220461
rice,2001,42,random_forest,70,2002,0.5892859741863594
rice,2001,42,random_forest,70,2003,1.0992248583529867
rice,2001,42,random_forest,70,2004,0.6846119626690148
rice,2001,45,world,70,2002,0.6134827647085024
rice,2001,45,world,70,2003,1.0493497425625227
rice,2001,45,world,70,2004,0.6773152641512528
rice,2001,45,lightgbm,70,2002,0.6541357534193801
rice,2001,45,lightgbm,70,2003,1.1141642408194279
rice,2001,45,lightgbm,70,2004,0.7035515997990083
rice,2001,45,random_forest,70,2002,0.5871847347288586
rice,2001,45,random_forest,70,2003,1.0738512503869158
rice,2001,45,random_forest,70,2004,0.6887022137008512
rice,2001,48,world,70,2002,0.6154586850504205
rice,2001,48,world,70,2003,1.0607790388727187
rice,2001,48,world,70,2004,0.6928567807197205
rice,2001,48,lightgbm,70,2002,0.6589139864499045
rice,2001,48,lightgbm,70,2003,1.1206678917381996
rice,2001,48,lightgbm,70,2004,0.7039365973037922
rice,2001,48,random_forest,70,2002,0.5854258856939156
rice,2001,48,random_forest,70,2003,1.0955711639526204
rice,2001,48,random_forest,70,2004,0.6832214452200339
rice,2005,42,world,70,2006,0.6302683054458484
rice,2005,42,world,70,2007,0.6476281964217837
rice,2005,42,world,70,2008,0.8376400804870817
rice,2005,42,lightgbm,70,2006,0.6118844056068332
rice,2005,42,lightgbm,70,2007,0.6449462039010163
rice,2005,42,lightgbm,70,2008,0.8046255354409682
rice,2005,42,random_forest,70,2006,0.5869896969612319
rice,2005,42,random_forest,70,2007,0.5993777002770333
rice,2005,42,random_forest,70,2008,0.7896514721354599
rice,2005,45,world,70,2006,0.6235429651321762
rice,2005,45,world,70,2007,0.6556720594629862
rice,2005,45,world,70,2008,0.8362196504833657
rice,2005,45,lightgbm,70,2006,0.6056565230251388
rice,2005,45,lightgbm,70,2007,0.6375332143319334
rice,2005,45,lightgbm,70,2008,0.8067413823263778
rice,2005,45,random_forest,70,2006,0.5899470301957954
rice,2005,45,random_forest,70,2007,0.6004656937333002
rice,2005,45,random_forest,70,2008,0.791345949019401
rice,2005,48,world,70,2006,0.6329398064962237
rice,2005,48,world,70,2007,0.6490118077663392
rice,2005,48,world,70,2008,0.8455897221171526
rice,2005,48,lightgbm,70,2006,0.6060096314236981
rice,2005,48,lightgbm,70,2007,0.632409437070079
rice,2005,48,lightgbm,70,2008,0.8083394860436792
rice,2005,48,random_forest,70,2006,0.5858637454537297
rice,2005,48,random_forest,70,2007,0.6016794419932574
rice,2005,48,random_forest,70,2008,0.7911961296613206
rice,2009,42,world,70,2010,0.852654597755858
rice,2009,42,world,70,2011,0.6761515429996421
rice,2009,42,world,70,2012,0.7024904792962486
rice,2009,42,world,70,2013,0.815834586145488
rice,2009,42,world,70,2014,0.849539285863581
rice,2009,42,world,70,2015,0.9138391297075086
rice,2009,42,world,70,2016,0.6944520194529363
rice,2009,42,lightgbm,70,2010,0.8909336580527936
rice,2009,42,lightgbm,70,2011,0.7256455425922624
rice,2009,42,lightgbm,70,2012,0.8119256856151615
rice,2009,42,lightgbm,70,2013,0.8062474758307615
rice,2009,42,lightgbm,70,2014,0.9207831445942419
rice,2009,42,lightgbm,70,2015,0.9774822377677365
rice,2009,42,lightgbm,70,2016,0.7286737360645577
rice,2009,42,random_forest,70,2010,0.8702611639457515
rice,2009,42,random_forest,70,2011,0.7221993482695719
rice,2009,42,random_forest,70,2012,0.8146211440268322
rice,2009,42,random_forest,70,2013,0.7788689930034872
rice,2009,42,random_forest,70,2014,0.9094538262734738
rice,2009,42,random_forest,70,2015,0.9862979360436529
rice,2009,42,random_forest,70,2016,0.7021891442208021
rice,2009,45,world,70,2010,0.877746511805482
rice,2009,45,world,70,2011,0.6912567771345347
rice,2009,45,world,70,2012,0.6961447204680113
rice,2009,45,world,70,2013,0.8099262204157515
rice,2009,45,world,70,2014,0.8575852258472307
rice,2009,45,world,70,2015,0.9191334468460445
rice,2009,45,world,70,2016,0.7026811727513914
rice,2009,45,lightgbm,70,2010,0.8908419019225006
rice,2009,45,lightgbm,70,2011,0.7074492538262864
rice,2009,45,lightgbm,70,2012,0.8120509039466577
rice,2009,45,lightgbm,70,2013,0.817609130176302
rice,2009,45,lightgbm,70,2014,0.9026122564581428
rice,2009,45,lightgbm,70,2015,0.9845432680052467
rice,2009,45,lightgbm,70,2016,0.7326619592231398
rice,2009,45,random_forest,70,2010,0.8648503244075857
rice,2009,45,random_forest,70,2011,0.7227150198868436
rice,2009,45,random_forest,70,2012,0.8118796622226525
rice,2009,45,random_forest,70,2013,0.7856216512582694
rice,2009,45,random_forest,70,2014,0.9031076208776554
rice,2009,45,random_forest,70,2015,0.9834583608234002
rice,2009,45,random_forest,70,2016,0.7073134890226656
rice,2009,48,world,70,2010,0.8446827648850568
rice,2009,48,world,70,2011,0.6707407443124609
rice,2009,48,world,70,2012,0.6824143834391373
rice,2009,48,world,70,2013,0.8084571049698576
rice,2009,48,world,70,2014,0.8519715988301335
rice,2009,48,world,70,2015,0.9117082413761947
rice,2009,48,world,70,2016,0.6979145660791803
rice,2009,48,lightgbm,70,2010,0.8947258879192308
rice,2009,48,lightgbm,70,2011,0.7166468133624354
rice,2009,48,lightgbm,70,2012,0.8125894756980733
rice,2009,48,lightgbm,70,2013,0.8073988817115473
rice,2009,48,lightgbm,70,2014,0.9154240715399886
rice,2009,48,lightgbm,70,2015,0.982006861782823
rice,2009,48,lightgbm,70,2016,0.7292090285923746
rice,2009,48,random_forest,70,2010,0.8610393494312174
rice,2009,48,random_forest,70,2011,0.721129736665804
rice,2009,48,random_forest,70,2012,0.8086032809417961
rice,2009,48,random_forest,70,2013,0.7863515447184082
rice,2009,48,random_forest,70,2014,0.9077523687202094
rice,2009,48,random_forest,70,2015,0.9810771184640018
rice,2009,48,random_forest,70,2016,0.70446455488876
soybean,2001,42,world,70,2002,0.29928554439313776
soybean,2001,42,world,70,2003,0.40271644849277766
soybean,2001,42,world,70,2004,0.4447350217174929
soybean,2001,42,lightgbm,70,2002,0.2892764179964374
soybean,2001,42,lightgbm,70,2003,0.4157309818116675
soybean,2001,42,lightgbm,70,2004,0.44995315715521733
soybean,2001,42,random_forest,70,2002,0.30979681055614045
soybean,2001,42,random_forest,70,2003,0.40559311640204576
soybean,2001,42,random_forest,70,2004,0.45274674191749925
soybean,2001,45,world,70,2002,0.3089007890649956
soybean,2001,45,world,70,2003,0.4250771745001164
soybean,2001,45,world,70,2004,0.4631652639098383
soybean,2001,45,lightgbm,70,2002,0.29066318972799376
soybean,2001,45,lightgbm,70,2003,0.41310850153817386
soybean,2001,45,lightgbm,70,2004,0.458290717198532
soybean,2001,45,random_forest,70,2002,0.3106182248483262
soybean,2001,45,random_forest,70,2003,0.4096727755279878
soybean,2001,45,random_forest,70,2004,0.44811081378177736
soybean,2001,48,world,70,2002,0.2981512283584462
soybean,2001,48,world,70,2003,0.40472366382547975
soybean,2001,48,world,70,2004,0.4446953957414071
soybean,2001,48,lightgbm,70,2002,0.29182671839988306
soybean,2001,48,lightgbm,70,2003,0.4115487362111433
soybean,2001,48,lightgbm,70,2004,0.4559487926492094
soybean,2001,48,random_forest,70,2002,0.3095120645767991
soybean,2001,48,random_forest,70,2003,0.4061192660461954
soybean,2001,48,random_forest,70,2004,0.45359595286010224
soybean,2005,42,world,70,2006,0.22032880378392594
soybean,2005,42,world,70,2007,0.2924773417554221
soybean,2005,42,world,70,2008,0.26520941122813324
soybean,2005,42,lightgbm,70,2006,0.29519455435218506
soybean,2005,42,lightgbm,70,2007,0.3757735498665252
soybean,2005,42,lightgbm,70,2008,0.31504462725734217
soybean,2005,42,random_forest,70,2006,0.22317935823865082
soybean,2005,42,random_forest,70,2007,0.4083261535581495
soybean,2005,42,random_forest,70,2008,0.3149846473231309
soybean,2005,45,world,70,2006,0.23498613415680378
soybean,2005,45,world,70,2007,0.3275438674749923
soybean,2005,45,world,70,2008,0.2688554140060275
soybean,2005,45,lightgbm,70,2006,0.27144862536716025
soybean,2005,45,lightgbm,70,2007,0.37630266073128854
soybean,2005,45,lightgbm,70,2008,0.3049643066449036
soybean,2005,45,random_forest,70,2006,0.22410903015186134
soybean,2005,45,random_forest,70,2007,0.4088503608540251
soybean,2005,45,random_forest,70,2008,0.3166766247899916
soybean,2005,48,world,70,2006,0.2191367552939799
soybean,2005,48,world,70,2007,0.3489886119024599
soybean,2005,48,world,70,2008,0.2939673245991461
soybean,2005,48,lightgbm,70,2006,0.2781941287691398
soybean,2005,48,lightgbm,70,2007,0.37600475012486995
soybean,2005,48,lightgbm,70,2008,0.3071060048615532
soybean,2005,48,random_forest,70,2006,0.22301803882191712
soybean,2005,48,random_forest,70,2007,0.4051033907839811
soybean,2005,48,random_forest,70,2008,0.3143884510316496
soybean,2009,42,world,70,2010,0.3017743490566414
soybean,2009,42,world,70,2011,0.232114682177243
soybean,2009,42,world,70,2012,0.25666793173559393
soybean,2009,42,world,70,2013,0.28186131169821205
soybean,2009,42,world,70,2014,0.2672779382333528
soybean,2009,42,world,70,2015,0.44175004945251384
soybean,2009,42,world,70,2016,0.30132886878440107
soybean,2009,42,lightgbm,70,2010,0.27353634485562345
soybean,2009,42,lightgbm,70,2011,0.25579828501274465
soybean,2009,42,lightgbm,70,2012,0.2841415474041388
soybean,2009,42,lightgbm,70,2013,0.2756478555444058
soybean,2009,42,lightgbm,70,2014,0.27694530696717884
soybean,2009,42,lightgbm,70,2015,0.44050127848360815
soybean,2009,42,lightgbm,70,2016,0.2782983789814607
soybean,2009,42,random_forest,70,2010,0.2787340235462193
soybean,2009,42,random_forest,70,2011,0.2651050190600839
soybean,2009,42,random_forest,70,2012,0.297089023025618
soybean,2009,42,random_forest,70,2013,0.262694945368438
soybean,2009,42,random_forest,70,2014,0.2586435410240824
soybean,2009,42,random_forest,70,2015,0.4356902393665185
soybean,2009,42,random_forest,70,2016,0.28896161386346353
soybean,2009,45,world,70,2010,0.2993436762039347
soybean,2009,45,world,70,2011,0.22735026999198224
soybean,2009,45,world,70,2012,0.2590637080596532
soybean,2009,45,world,70,2013,0.27759981440906056
soybean,2009,45,world,70,2014,0.25558025090722153
soybean,2009,45,world,70,2015,0.4365425669211743
soybean,2009,45,world,70,2016,0.288863406157831
soybean,2009,45,lightgbm,70,2010,0.2775758486871891
soybean,2009,45,lightgbm,70,2011,0.25601208505281253
soybean,2009,45,lightgbm,70,2012,0.2807685779477808
soybean,2009,45,lightgbm,70,2013,0.27306172897921965
soybean,2009,45,lightgbm,70,2014,0.2768494056668153
soybean,2009,45,lightgbm,70,2015,0.4446606953783996
soybean,2009,45,lightgbm,70,2016,0.2819366664548668
soybean,2009,45,random_forest,70,2010,0.2786974172216575
soybean,2009,45,random_forest,70,2011,0.2684386142919503
soybean,2009,45,random_forest,70,2012,0.2992400086718171
soybean,2009,45,random_forest,70,2013,0.26496547606915744
soybean,2009,45,random_forest,70,2014,0.25965435724914915
soybean,2009,45,random_forest,70,2015,0.4357392637647108
soybean,2009,45,random_forest,70,2016,0.2848995772202584
soybean,2009,48,world,70,2010,0.2927245475995022
soybean,2009,48,world,70,2011,0.23060549595698857
soybean,2009,48,world,70,2012,0.2618421745838609
soybean,2009,48,world,70,2013,0.28478583471737484
soybean,2009,48,world,70,2014,0.2634425701151138
soybean,2009,48,world,70,2015,0.43892794727553985
soybean,2009,48,world,70,2016,0.29627076468752395
soybean,2009,48,lightgbm,70,2010,0.27559115840347354
soybean,2009,48,lightgbm,70,2011,0.2594838578933236
soybean,2009,48,lightgbm,70,2012,0.2802267096773733
soybean,2009,48,lightgbm,70,2013,0.2761808817184205
soybean,2009,48,lightgbm,70,2014,0.2785791144755879
soybean,2009,48,lightgbm,70,2015,0.44304594802173014
soybean,2009,48,lightgbm,70,2016,0.2827961493357047
soybean,2009,48,random_forest,70,2010,0.2772672796861479
soybean,2009,48,random_forest,70,2011,0.2720653136432211
soybean,2009,48,random_forest,70,2012,0.2975499813040718
soybean,2009,48,random_forest,70,2013,0.26543443047573495
soybean,2009,48,random_forest,70,2014,0.2583499492879447
soybean,2009,48,random_forest,70,2015,0.43493381805709724
soybean,2009,48,random_forest,70,2016,0.28590615820177206
wheat,2001,42,world,70,2002,0.7648520924198509
wheat,2001,42,world,70,2003,1.2545638338730067
wheat,2001,42,world,70,2004,0.846051061841948
wheat,2001,42,lightgbm,70,2002,0.8655188302558114
wheat,2001,42,lightgbm,70,2003,1.396730350338323
wheat,2001,42,lightgbm,70,2004,0.8715541096155156
wheat,2001,42,random_forest,70,2002,0.8770599981313726
wheat,2001,42,random_forest,70,2003,1.372865191901276
wheat,2001,42,random_forest,70,2004,0.8250914758622564
wheat,2001,45,world,70,2002,0.7664962713949284
wheat,2001,45,world,70,2003,1.24878056747619
wheat,2001,45,world,70,2004,0.8341276521938197
wheat,2001,45,lightgbm,70,2002,0.8715461510620289
wheat,2001,45,lightgbm,70,2003,1.3923079645454708
wheat,2001,45,lightgbm,70,2004,0.8683375611593206
wheat,2001,45,random_forest,70,2002,0.8798427469677425
wheat,2001,45,random_forest,70,2003,1.3698322353369592
wheat,2001,45,random_forest,70,2004,0.8180618508101019
wheat,2001,48,world,70,2002,0.7729484155994096
wheat,2001,48,world,70,2003,1.2165549104526325
wheat,2001,48,world,70,2004,0.851817651160099
wheat,2001,48,lightgbm,70,2002,0.8485589935114872
wheat,2001,48,lightgbm,70,2003,1.4156494381416471
wheat,2001,48,lightgbm,70,2004,0.8783461111851497
wheat,2001,48,random_forest,70,2002,0.8773963663413987
wheat,2001,48,random_forest,70,2003,1.3819457415317802
wheat,2001,48,random_forest,70,2004,0.8220102808713711
wheat,2005,42,world,70,2006,0.7149137417086414
wheat,2005,42,world,70,2007,0.6595862377530369
wheat,2005,42,world,70,2008,0.6687517634749803
wheat,2005,42,lightgbm,70,2006,0.7281492504673113
wheat,2005,42,lightgbm,70,2007,0.6832600297670616
wheat,2005,42,lightgbm,70,2008,0.6887333909141552
wheat,2005,42,random_forest,70,2006,0.7279192255762492
wheat,2005,42,random_forest,70,2007,0.681016456915229
wheat,2005,42,random_forest,70,2008,0.6703879345401865
wheat,2005,45,world,70,2006,0.711723633312264
wheat,2005,45,world,70,2007,0.6439331807466934
wheat,2005,45,world,70,2008,0.6655177942374716
wheat,2005,45,lightgbm,70,2006,0.7319308415357243
wheat,2005,45,lightgbm,70,2007,0.6890183410105988
wheat,2005,45,lightgbm,70,2008,0.6818540600841747
wheat,2005,45,random_forest,70,2006,0.7232807649368956
wheat,2005,45,random_forest,70,2007,0.684655729983727
wheat,2005,45,random_forest,70,2008,0.6666176261943114
wheat,2005,48,world,70,2006,0.7100600474818807
wheat,2005,48,world,70,2007,0.6546923192437265
wheat,2005,48,world,70,2008,0.666501534204427
wheat,2005,48,lightgbm,70,2006,0.720718439259357
wheat,2005,48,lightgbm,70,2007,0.6891316344661303
wheat,2005,48,lightgbm,70,2008,0.6895937678608496
wheat,2005,48,random_forest,70,2006,0.7282415619763446
wheat,2005,48,random_forest,70,2007,0.685363848544483
wheat,2005,48,random_forest,70,2008,0.6696951750814674
wheat,2009,42,world,70,2010,0.8346936900288692
wheat,2009,42,world,70,2011,0.5166393327111554
wheat,2009,42,world,70,2012,0.5418422940051387
wheat,2009,42,world,70,2013,0.5981861967990898
wheat,2009,42,world,70,2014,0.5917388686034393
wheat,2009,42,world,70,2015,1.3752219786182942
wheat,2009,42,world,70,2016,0.7764039295738219
wheat,2009,42,lightgbm,70,2010,0.8443901262057691
wheat,2009,42,lightgbm,70,2011,0.5704573583534203
wheat,2009,42,lightgbm,70,2012,0.6011068810489211
wheat,2009,42,lightgbm,70,2013,0.6813934596555099
wheat,2009,42,lightgbm,70,2014,0.7108308145471344
wheat,2009,42,lightgbm,70,2015,1.203155316714072
wheat,2009,42,lightgbm,70,2016,0.8702468546304132
wheat,2009,42,random_forest,70,2010,0.865874347148147
wheat,2009,42,random_forest,70,2011,0.5498291140097118
wheat,2009,42,random_forest,70,2012,0.5838487985649546
wheat,2009,42,random_forest,70,2013,0.6349906372159521
wheat,2009,42,random_forest,70,2014,0.6863352693752703
wheat,2009,42,random_forest,70,2015,1.227756468462956
wheat,2009,42,random_forest,70,2016,0.8422420075243876
wheat,2009,45,world,70,2010,0.8406030203473907
wheat,2009,45,world,70,2011,0.516425093453173
wheat,2009,45,world,70,2012,0.5386667541035003
wheat,2009,45,world,70,2013,0.5884340297491949
wheat,2009,45,world,70,2014,0.5869762602818624
wheat,2009,45,world,70,2015,1.4038815039782495
wheat,2009,45,world,70,2016,0.7725863372185978
wheat,2009,45,lightgbm,70,2010,0.8466955488155019
wheat,2009,45,lightgbm,70,2011,0.5754825327829202
wheat,2009,45,lightgbm,70,2012,0.5971714700833989
wheat,2009,45,lightgbm,70,2013,0.6839913226134078
wheat,2009,45,lightgbm,70,2014,0.7097622468483432
wheat,2009,45,lightgbm,70,2015,1.2011600759890804
wheat,2009,45,lightgbm,70,2016,0.8633567357281249
wheat,2009,45,random_forest,70,2010,0.8705237308115645
wheat,2009,45,random_forest,70,2011,0.5453939113834408
wheat,2009,45,random_forest,70,2012,0.5840000165436761
wheat,2009,45,random_forest,70,2013,0.631070581003868
wheat,2009,45,random_forest,70,2014,0.6859705388148751
wheat,2009,45,random_forest,70,2015,1.233127792552716
wheat,2009,45,random_forest,70,2016,0.8226159153809919
wheat,2009,48,world,70,2010,0.8432002715574861
wheat,2009,48,world,70,2011,0.5256238004495101
wheat,2009,48,world,70,2012,0.54340490584769
wheat,2009,48,world,70,2013,0.590122072204925
wheat,2009,48,world,70,2014,0.5832533787476194
wheat,2009,48,world,70,2015,1.4062597366525158
wheat,2009,48,world,70,2016,0.7686303115701508
wheat,2009,48,lightgbm,70,2010,0.8395254381728651
wheat,2009,48,lightgbm,70,2011,0.5686939767386935
wheat,2009,48,lightgbm,70,2012,0.6128107810868623
wheat,2009,48,lightgbm,70,2013,0.6812174241436298
wheat,2009,48,lightgbm,70,2014,0.719141290348648
wheat,2009,48,lightgbm,70,2015,1.1992161186799637
wheat,2009,48,lightgbm,70,2016,0.8745278253217305
wheat,2009,48,random_forest,70,2010,0.8693742799578851
wheat,2009,48,random_forest,70,2011,0.5472130438749285
wheat,2009,48,random_forest,70,2012,0.5863692253789918
wheat,2009,48,random_forest,70,2013,0.6319581611510924
wheat,2009,48,random_forest,70,2014,0.6891180141981931
wheat,2009,48,random_forest,70,2015,1.2312207755825526
wheat,2009,48,random_forest,70,2016,0.8383235901903372
