crop,seed,model,percent,year,rmse
maize,42,world,10,2002,0.6313530114599294
maize,42,world,10,2003,1.0765939941994664
maize,42,world,10,2004,0.8030034360043635
maize,42,world,30,2002,0.6363449013069921
maize,42,world,30,2003,1.0812716788227306
maize,42,world,30,2004,0.8067351387157927
maize,42,world,50,2002,0.6409156569337444
maize,42,world,50,2003,1.0825825162284315
maize,42,world,50,2004,0.8118671010353082
maize,45,world,10,2002,0.6314429430989693
maize,45,world,10,2003,1.0821989623111052
maize,45,world,10,2004,0.8015856769577906
maize,45,world,30,2002,0.635453968214842
maize,45,world,30,2003,1.0874468544992135
maize,45,world,30,2004,0.8024994145467957
maize,45,world,50,2002,0.6398415110078457
maize,45,world,50,2003,1.089541990155831
maize,45,world,50,2004,0.8049667292028588
maize,48,world,10,2002,0.6387594860542516
maize,48,world,10,2003,1.093202302178396
maize,48,world,10,2004,0.7935627768090779
maize,48,world,30,2002,0.6428062925171161
maize,48,world,30,2003,1.0980786962698212
maize,48,world,30,2004,0.7953589870186681
maize,48,world,50,2002,0.6453250945700862
maize,48,world,50,2003,1.0998623840725896
maize,48,world,50,2004,0.7983377729246497
maize,42,world,10,2006,0.6364427791912357
maize,42,world,10,2007,0.7298960074123663
maize,42,world,10,2008,0.7023265231699043
maize,42,world,30,2006,0.636725627832251
maize,42,world,30,2007,0.7301046738032252
maize,42,world,30,2008,0.7053024199458678
maize,42,world,50,2006,0.6435787163194655
maize,42,world,50,2007,0.7313033581139221
maize,42,world,50,2008,0.7082996325874936
maize,45,world,10,2006,0.6323040712972077
maize,45,world,10,2007,0.7309991711922813
maize,45,world,10,2008,0.7045882136705307
maize,45,world,30,2006,0.6332172170607528
maize,45,world,30,2007,0.7366633869998092
maize,45,world,30,2008,0.7091769112808318
maize,45,world,50,2006,0.6405528323127988
maize,45,world,50,2007,0.7435375270238981
maize,45,world,50,2008,0.7115057003756053
maize,48,world,10,2006,0.6477955238313432
maize,48,world,10,2007,0.7307871382519383
maize,48,world,10,2008,0.7079940106672672
maize,48,world,30,2006,0.6489288096817057
maize,48,world,30,2007,0.7359558501101234
maize,48,world,30,2008,0.7139018968576278
maize,48,world,50,2006,0.655198343411384
maize,48,world,50,2007,0.7376441052391051
maize,48,world,50,2008,0.7185965231022512
maize,42,world,10,2010,0.7203232845792805
maize,42,world,10,2011,0.785795129138293
maize,42,world,10,2012,1.0512515410756038
maize,42,world,10,2013,0.8162831519065936
maize,42,world,10,2014,0.7540188411079584
maize,42,world,10,2015,1.5307515869473045
maize,42,world,10,2016,0.6934091061795126
maize,42,world,30,2010,0.7255309823899272
maize,42,world,30,2011,0.7847833894814219
maize,42,world,30,2012,1.049557758799906
maize,42,world,30,2013,0.8197832508220273
maize,42,world,30,2014,0.7557143999202909
maize,42,world,30,2015,1.5336520380944934
maize,42,world,30,2016,0.6925383490648022
maize,42,world,50,2010,0.733647884003136
maize,42,world,50,2011,0.7827897609985235
maize,42,world,50,2012,1.045175365923189
maize,42,world,50,2013,0.8340441632232489
maize,42,world,50,2014,0.7615879753172998
maize,42,world,50,2015,1.5416318592371057
maize,42,world,50,2016,0.6989391995566304
maize,45,world,10,2010,0.7190241233819821
maize,45,world,10,2011,0.79182500347375
maize,45,world,10,2012,1.0657463118098145
maize,45,world,10,2013,0.8208013608404662
maize,45,world,10,2014,0.7570794221656194
maize,45,world,10,2015,1.5347128696429535
maize,45,world,10,2016,0.7007560709722445
maize,45,world,30,2010,0.7225895574901813
maize,45,world,30,2011,0.7900889689262817
maize,45,world,30,2012,1.0690467027557689
maize,45,world,30,2013,0.8244897330147694
maize,45,world,30,2014,0.7587335475336012
maize,45,world,30,2015,1.5368950053929928
maize,45,world,30,2016,0.7004036229898307
maize,45,world,50,2010,0.7314719623348772
maize,45,world,50,2011,0.7890055048536377
maize,45,world,50,2012,1.0721066228997502
maize,45,world,50,2013,0.8392222062897711
maize,45,world,50,2014,0.7631756258763474
maize,45,world,50,2015,1.5446349693358596
maize,45,world,50,2016,0.7072599681864781
maize,48,world,10,2010,0.718469665713007
maize,48,world,10,2011,0.7961562992598636
maize,48,world,10,2012,1.07267954363172
maize,48,world,10,2013,0.8285270331248921
maize,48,world,10,2014,0.7543526659407079
maize,48,world,10,2015,1.5338718568456078
maize,48,world,10,2016,0.6960363492455125
maize,48,world,30,2010,0.7214057145833447
maize,48,world,30,2011,0.7948886690593047
maize,48,world,30,2012,1.0738817905117397
maize,48,world,30,2013,0.8308126557826798
maize,48,world,30,2014,0.7568443758937781
maize,48,world,30,2015,1.536995113023233
maize,48,world,30,2016,0.6951172429696221
maize,48,world,50,2010,0.7284500395516654
maize,48,world,50,2011,0.7951856358250937
maize,48,world,50,2012,1.0740013475694927
maize,48,world,50,2013,0.8443275898092845
maize,48,world,50,2014,0.7617152170584638
maize,48,world,50,2015,1.544325771466175
maize,48,world,50,2016,0.7006013320092903
rice,42,world,10,2002,0.5632796519640638
rice,42,world,10,2003,1.0312324461535278
rice,42,world,10,2004,0.6681352693242005
rice,42,world,30,2002,0.5779164965478975
rice,42,world,30,2003,1.0368364822296745
rice,42,world,30,2004,0.6691361735711712
rice,42,world,50,2002,0.5879109621868299
rice,42,world,50,2003,1.0395061760225814
rice,42,world,50,2004,0.6733880148752899
rice,45,world,10,2002,0.5605459289584532
rice,45,world,10,2003,1.039134534183741
rice,45,world,10,2004,0.6674434082714162
rice,45,world,30,2002,0.5734658987400575
rice,45,world,30,2003,1.0435987685653398
rice,45,world,30,2004,0.6673760277984834
rice,45,world,50,2002,0.583566780044323
rice,45,world,50,2003,1.0454249055834532
rice,45,world,50,2004,0.671571918661132
rice,48,world,10,2002,0.5614497243466368
rice,48,world,10,2003,1.0487914772043447
rice,48,world,10,2004,0.6803730829086921
rice,48,world,30,2002,0.575511349744871
rice,48,world,30,2003,1.053533034799017
rice,48,world,30,2004,0.6815900696252755
rice,48,world,50,2002,0.5855273814147857
rice,48,world,50,2003,1.05674206064443
rice,48,world,50,2004,0.6868168502775167
rice,42,world,10,2006,0.6227532223619351
rice,42,world,10,2007,0.6440700055935192
rice,42,world,10,2008,0.826574905095547
rice,42,world,30,2006,0.6221228277520953
rice,42,world,30,2007,0.6409466769581321
rice,42,world,30,2008,0.8281052838741314
rice,42,world,50,2006,0.6237767601651664
rice,42,world,50,2007,0.6448524021816813
rice,42,world,50,2008,0.8331704721488252
rice,45,world,10,2006,0.6195851516110507
rice,45,world,10,2007,0.6485254445255734
rice,45,world,10,2008,0.8254268522218059
rice,45,world,30,2006,0.6164460283602813
rice,45,world,30,2007,0.6474342642080527
rice,45,world,30,2008,0.8268112991513816
rice,45,world,50,2006,0.6172217870146111
rice,45,world,50,2007,0.6527350356407172
rice,45,world,50,2008,0.8313015262302531
rice,48,world,10,2006,0.6248903994277248
rice,48,world,10,2007,0.6472358265266411
rice,48,world,10,2008,0.8348834676730752
rice,48,world,30,2006,0.6242266704661572
rice,48,world,30,2007,0.6447614924952922
rice,48,world,30,2008,0.8370722807200368
rice,48,world,50,2006,0.6262736697789213
rice,48,world,50,2007,0.6476821968413418
rice,48,world,50,2008,0.840175229324909
rice,42,world,10,2010,0.8450186868061257
rice,42,world,10,2011,0.6652629401801298
rice,42,world,10,2012,0.6715250312037898
rice,42,world,10,2013,0.8168375158610447
rice,42,world,10,2014,0.8425683560251243
rice,42,world,10,2015,0.9046029112741332
rice,42,world,10,2016,0.6899532778579661
rice,42,world,30,2010,0.8501503390587238
rice,42,world,30,2011,0.6663970110461802
rice,42,world,30,2012,0.6745876045088967
rice,42,world,30,2013,0.8270800076231
rice,42,world,30,2014,0.8413488023957237
rice,42,world,30,2015,0.9078239686854944
rice,42,world,30,2016,0.6958735991626289
rice,42,world,50,2010,0.8517870451686445
rice,42,world,50,2011,0.6683876366937659
rice,42,world,50,2012,0.6849906225237294
rice,42,world,50,2013,0.8229755685229151
rice,42,world,50,2014,0.8431721399703336
rice,42,world,50,2015,0.9109613557940242
rice,42,world,50,2016,0.6958716280793105
rice,45,world,10,2010,0.8528933147393484
rice,45,world,10,2011,0.6742542626722071
rice,45,world,10,2012,0.6677732110580981
rice,45,world,10,2013,0.8094826256165157
rice,45,world,10,2014,0.8516697356582527
rice,45,world,10,2015,0.9080168254902072
rice,45,world,10,2016,0.6852452649845855
rice,45,world,30,2010,0.8598266586610699
rice,45,world,30,2011,0.6768934124437915
rice,45,world,30,2012,0.6710752885627549
rice,45,world,30,2013,0.8152689142757197
rice,45,world,30,2014,0.8492183633376853
rice,45,world,30,2015,0.9120500145456202
rice,45,world,30,2016,0.6912828860819961
rice,45,world,50,2010,0.8750074308930472
rice,45,world,50,2011,0.6818383249329948
rice,45,world,50,2012,0.6789542985452738
rice,45,world,50,2013,0.810984283053977
rice,45,world,50,2014,0.8467659863905075
rice,45,world,50,2015,0.9165257865148252
rice,45,world,50,2016,0.6972754140969617
rice,48,world,10,2010,0.8468381710888843
rice,48,world,10,2011,0.6633700845276802
rice,48,world,10,2012,0.662072881821584
rice,48,world,10,2013,0.8014405069024241
rice,48,world,10,2014,0.8520418498170265
rice,48,world,10,2015,0.9070441652872132
rice,48,world,10,2016,0.6942306682503967
rice,48,world,30,2010,0.8529617464500039
rice,48,world,30,2011,0.6636786207722878
rice,48,world,30,2012,0.6647337019588732
rice,48,world,30,2013,0.8082595539575913
rice,48,world,30,2014,0.8491776834993872
rice,48,world,30,2015,0.9092942419556704
rice,48,world,30,2016,0.6991314084809969
rice,48,world,50,2010,0.8495403252845222
rice,48,world,50,2011,0.6659754055802057
rice,48,world,50,2012,0.6718131411820801
rice,48,world,50,2013,0.8035364032632187
rice,48,world,50,2014,0.8462609314428018
rice,48,world,50,2015,0.9134066456172992
rice,48,world,50,2016,0.6971828064501538
soybean,42,world,10,2002,0.2813213006607415
soybean,42,world,10,2003,0.3929610350193848
soybean,42,world,10,2004,0.4045943410921257
soybean,42,world,30,2002,0.282346670288658
soybean,42,world,30,2003,0.3971079780070384
soybean,42,world,30,2004,0.410464544057981
soybean,42,world,50,2002,0.2884368886140161
soybean,42,world,50,2003,0.3981940579693224
soybean,42,world,50,2004,0.4223050985947534
soybean,45,world,10,2002,0.2808515768462373
soybean,45,world,10,2003,0.4097406005789499
soybean,45,world,10,2004,0.4189138369890577
soybean,45,world,30,2002,0.2851917036184655
soybean,45,world,30,2003,0.4152081470527834
soybean,45,world,30,2004,0.4243377339635353
soybean,45,world,50,2002,0.2930962891102489
soybean,45,world,50,2003,0.4171428371577068
soybean,45,world,50,2004,0.4368308325614326
soybean,48,world,10,2002,0.2729741388835752
soybean,48,world,10,2003,0.3947372894459203
soybean,48,world,10,2004,0.400593671546781
soybean,48,world,30,2002,0.2760962471168751
soybean,48,world,30,2003,0.3983048004518879
soybean,48,world,30,2004,0.4063614949475248
soybean,48,world,50,2002,0.2831960497407767
soybean,48,world,50,2003,0.3988575473901913
soybean,48,world,50,2004,0.4196567212941571
soybean,42,world,10,2006,0.2087076758965762
soybean,42,world,10,2007,0.2839503100643263
soybean,42,world,10,2008,0.2531572984149274
soybean,42,world,30,2006,0.2112364859263441
soybean,42,world,30,2007,0.2849089997971968
soybean,42,world,30,2008,0.2554680718175705
soybean,42,world,50,2006,0.2137344773719679
soybean,42,world,50,2007,0.2870963757606695
soybean,42,world,50,2008,0.2593183434078443
soybean,45,world,10,2006,0.2220191178469142
soybean,45,world,10,2007,0.3157187687580818
soybean,45,world,10,2008,0.2675083564547594
soybean,45,world,30,2006,0.2245432825283598
soybean,45,world,30,2007,0.3192935615883862
soybean,45,world,30,2008,0.2679876659677736
soybean,45,world,50,2006,0.2279814962777648
soybean,45,world,50,2007,0.318924019609111
soybean,45,world,50,2008,0.2671804765603869
soybean,48,world,10,2006,0.2042879011711802
soybean,48,world,10,2007,0.3442149896127153
soybean,48,world,10,2008,0.2960970630465215
soybean,48,world,30,2006,0.2087677018027828
soybean,48,world,30,2007,0.3443987424567309
soybean,48,world,30,2008,0.2982679301965629
soybean,48,world,50,2006,0.2127013082713369
soybean,48,world,50,2007,0.3424429143408289
soybean,48,world,50,2008,0.2962217368135049
soybean,42,world,10,2010,0.2867317927292698
soybean,42,world,10,2011,0.2266915800526038
soybean,42,world,10,2012,0.252639523446564
soybean,42,world,10,2013,0.2720694481036029
soybean,42,world,10,2014,0.2481348526921445
soybean,42,world,10,2015,0.4390728416681529
soybean,42,world,10,2016,0.2844699688309938
soybean,42,world,30,2010,0.2908047262194784
soybean,42,world,30,2011,0.2299885265944232
soybean,42,world,30,2012,0.2555572116719566
soybean,42,world,30,2013,0.2775952449182368
soybean,42,world,30,2014,0.2535296008714878
soybean,42,world,30,2015,0.4404518051623582
soybean,42,world,30,2016,0.2876717007776336
soybean,42,world,50,2010,0.2934770501852271
soybean,42,world,50,2011,0.2318376612368175
soybean,42,world,50,2012,0.2600937641843988
soybean,42,world,50,2013,0.2800655356080738
soybean,42,world,50,2014,0.2591226829630229
soybean,42,world,50,2015,0.4424171323553929
soybean,42,world,50,2016,0.2919677257937252
soybean,45,world,10,2010,0.2872365595356559
soybean,45,world,10,2011,0.223682770732472
soybean,45,world,10,2012,0.2515659403639527
soybean,45,world,10,2013,0.268587607961121
soybean,45,world,10,2014,0.24800467932957
soybean,45,world,10,2015,0.4383241696111609
soybean,45,world,10,2016,0.2862821612736047
soybean,45,world,30,2010,0.2904918427532473
soybean,45,world,30,2011,0.2258321023781339
soybean,45,world,30,2012,0.2558714077362095
soybean,45,world,30,2013,0.2741493236260674
soybean,45,world,30,2014,0.2502479231322437
soybean,45,world,30,2015,0.4393294180511369
soybean,45,world,30,2016,0.2861315841891612
soybean,45,world,50,2010,0.2922085537542564
soybean,45,world,50,2011,0.2257579970297811
soybean,45,world,50,2012,0.2583315137048854
soybean,45,world,50,2013,0.2766448991470214
soybean,45,world,50,2014,0.2529331034072593
soybean,45,world,50,2015,0.4390399419103673
soybean,45,world,50,2016,0.2871283514949534
soybean,48,world,10,2010,0.2830576868659257
soybean,48,world,10,2011,0.2232268404266955
soybean,48,world,10,2012,0.2531465959300046
soybean,48,world,10,2013,0.2713435529815466
soybean,48,world,10,2014,0.2501352772738083
soybean,48,world,10,2015,0.4391775693229499
soybean,48,world,10,2016,0.2826135232285108
soybean,48,world,30,2010,0.2867106865744516
soybean,48,world,30,2011,0.2267132592750307
soybean,48,world,30,2012,0.2565879745399673
soybean,48,world,30,2013,0.2769432340785044
soybean,48,world,30,2014,0.2536832205149099
soybean,48,world,30,2015,0.4404295794654372
soybean,48,world,30,2016,0.2838923354602864
soybean,48,world,50,2010,0.287013645268285
soybean,48,world,50,2011,0.2287591792784531
soybean,48,world,50,2012,0.2608458852200075
soybean,48,world,50,2013,0.2800800393042801
soybean,48,world,50,2014,0.2574039381821878
soybean,48,world,50,2015,0.4396930146447177
soybean,48,world,50,2016,0.2866730483139598
wheat,42,world,10,2002,0.7351433293519726
wheat,42,world,10,2003,1.2202783522001055
wheat,42,world,10,2004,0.8031027513209003
wheat,42,world,30,2002,0.7320943436876202
wheat,42,world,30,2003,1.2220328448594586
wheat,42,world,30,2004,0.8027401767315936
wheat,42,world,50,2002,0.7395592210546954
wheat,42,world,50,2003,1.2351175143325075
wheat,42,world,50,2004,0.8191797416864516
wheat,45,world,10,2002,0.7460036525633774
wheat,45,world,10,2003,1.2094317696918362
wheat,45,world,10,2004,0.8068406680927421
wheat,45,world,30,2002,0.746837549348828
wheat,45,world,30,2003,1.2131468010563498
wheat,45,world,30,2004,0.8100801246525072
wheat,45,world,50,2002,0.7450197488536033
wheat,45,world,50,2003,1.226359729211057
wheat,45,world,50,2004,0.8256812917310621
wheat,48,world,10,2002,0.7459682487655502
wheat,48,world,10,2003,1.1763898773559127
wheat,48,world,10,2004,0.7986194171571808
wheat,48,world,30,2002,0.7431284287731215
wheat,48,world,30,2003,1.182670202325463
wheat,48,world,30,2004,0.7994402006397948
wheat,48,world,50,2002,0.7555312824752487
wheat,48,world,50,2003,1.1944856569831466
wheat,48,world,50,2004,0.8171892884460589
wheat,42,world,10,2006,0.6993189601355345
wheat,42,world,10,2007,0.6494854184685546
wheat,42,world,10,2008,0.6504556071664311
wheat,42,world,30,2006,0.7028423191480226
wheat,42,world,30,2007,0.6533745919074531
wheat,42,world,30,2008,0.6536104447747231
wheat,42,world,50,2006,0.7090685999735767
wheat,42,world,50,2007,0.6574271022780638
wheat,42,world,50,2008,0.661156955667478
wheat,45,world,10,2006,0.6955857623899784
wheat,45,world,10,2007,0.636295139438849
wheat,45,world,10,2008,0.6502423160408568
wheat,45,world,30,2006,0.7000424371744712
wheat,45,world,30,2007,0.6387464831684567
wheat,45,world,30,2008,0.654481223130643
wheat,45,world,50,2006,0.705506268493405
wheat,45,world,50,2007,0.6411866912221756
wheat,45,world,50,2008,0.6614534057980936
wheat,48,world,10,2006,0.6928576881336797
wheat,48,world,10,2007,0.6402161161615746
wheat,48,world,10,2008,0.6506624604613032
wheat,48,world,30,2006,0.6949709303963845
wheat,48,world,30,2007,0.6439454887115874
wheat,48,world,30,2008,0.653012107846901
wheat,48,world,50,2006,0.7001585914236582
wheat,48,world,50,2007,0.6486009185618004
wheat,48,world,50,2008,0.6608255950321876
wheat,42,world,10,2010,0.8220880058447424
wheat,42,world,10,2011,0.505236909696141
wheat,42,world,10,2012,0.5364836917037372
wheat,42,world,10,2013,0.5850303238394909
wheat,42,world,10,2014,0.5872808508841499
wheat,42,world,10,2015,1.3738273693539325
wheat,42,world,10,2016,0.7674382923706705
wheat,42,world,30,2010,0.8265781374553544
wheat,42,world,30,2011,0.5060509927819625
wheat,42,world,30,2012,0.5366591101615608
wheat,42,world,30,2013,0.5886646884454866
wheat,42,world,30,2014,0.5881304551083096
wheat,42,world,30,2015,1.3756836668602832
wheat,42,world,30,2016,0.7697970125539729
wheat,42,world,50,2010,0.8324986285191082
wheat,42,world,50,2011,0.5127139390459516
wheat,42,world,50,2012,0.5384375702145533
wheat,42,world,50,2013,0.5939007330209432
wheat,42,world,50,2014,0.5890580063477099
wheat,42,world,50,2015,1.3760084703966513
wheat,42,world,50,2016,0.7722124525357836
wheat,45,world,10,2010,0.8273192759446566
wheat,45,world,10,2011,0.5062008632002616
wheat,45,world,10,2012,0.5331267960551068
wheat,45,world,10,2013,0.5797021481131733
wheat,45,world,10,2014,0.5784622081681042
wheat,45,world,10,2015,1.401326386994992
wheat,45,world,10,2016,0.7654348454888016
wheat,45,world,30,2010,0.8327640582496211
wheat,45,world,30,2011,0.5080859364271254
wheat,45,world,30,2012,0.5339310560551492
wheat,45,world,30,2013,0.5836527130217674
wheat,45,world,30,2014,0.5814148362438225
wheat,45,world,30,2015,1.4051644270879844
wheat,45,world,30,2016,0.7677983628428257
wheat,45,world,50,2010,0.8379604825935767
wheat,45,world,50,2011,0.5150127449659665
wheat,45,world,50,2012,0.5354958623309155
wheat,45,world,50,2013,0.5868049132598552
wheat,45,world,50,2014,0.5836871631943719
wheat,45,world,50,2015,1.4050497044873096
wheat,45,world,50,2016,0.7694384748227235
wheat,48,world,10,2010,0.8331250754953298
wheat,48,world,10,2011,0.5117307159014954
wheat,48,world,10,2012,0.5445191155737964
wheat,48,world,10,2013,0.5759965858312739
wheat,48,world,10,2014,0.5800021288228838
wheat,48,world,10,2015,1.4098645100981275
wheat,48,world,10,2016,0.7594392622350374
wheat,48,world,30,2010,0.8361876329195114
wheat,48,world,30,2011,0.5121591476947221
wheat,48,world,30,2012,0.5447193879128371
wheat,48,world,30,2013,0.578794381061397
wheat,48,world,30,2014,0.5803760550058862
wheat,48,world,30,2015,1.4090499228554143
wheat,48,world,30,2016,0.7663169972388486
wheat,48,world,50,2010,0.8418362740548426
wheat,48,world,50,2011,0.5202736927999858
wheat,48,world,50,2012,0.5444853682922297
wheat,48,world,50,2013,0.584774949714012
wheat,48,world,50,2014,0.5806052898317732
wheat,48,world,50,2015,1.4080714749679388
wheat,48,world,50,2016,0.7656085619165534
maize,42,lightgbm,10,2002,0.6072934909426048
maize,42,lightgbm,10,2003,1.1423608816756434
maize,42,lightgbm,10,2004,0.8114913416100585
maize,45,lightgbm,10,2002,0.6007320400479639
maize,45,lightgbm,10,2003,1.1421408915893665
maize,45,lightgbm,10,2004,0.8113520105738298
maize,48,lightgbm,10,2002,0.6045088891374709
maize,48,lightgbm,10,2003,1.1572307823165375
maize,48,lightgbm,10,2004,0.8173573041894244
maize,42,random_forest,10,2002,0.639918212005515
maize,42,random_forest,10,2003,1.0687525696935023
maize,42,random_forest,10,2004,0.8156888493164038
maize,45,random_forest,10,2002,0.6426702025664931
maize,45,random_forest,10,2003,1.0860262783268466
maize,45,random_forest,10,2004,0.8224189016793582
maize,48,random_forest,10,2002,0.6403933954092815
maize,48,random_forest,10,2003,1.0897939013576168
maize,48,random_forest,10,2004,0.8166022366776697
maize,42,lightgbm,30,2002,0.6135696980942302
maize,42,lightgbm,30,2003,1.1688540262740668
maize,42,lightgbm,30,2004,0.8154102961642725
maize,45,lightgbm,30,2002,0.6178160150924931
maize,45,lightgbm,30,2003,1.19863372877929
maize,45,lightgbm,30,2004,0.8175504898479
maize,48,lightgbm,30,2002,0.6112032535362109
maize,48,lightgbm,30,2003,1.1800939004786448
maize,48,lightgbm,30,2004,0.8121605144797603
maize,42,random_forest,30,2002,0.6483436743581747
maize,42,random_forest,30,2003,1.12347634774268
maize,42,random_forest,30,2004,0.8342862426310402
maize,45,random_forest,30,2002,0.6472515354064942
maize,45,random_forest,30,2003,1.111666498872421
maize,45,random_forest,30,2004,0.8415546481267862
maize,48,random_forest,30,2002,0.6474165281064236
maize,48,random_forest,30,2003,1.153172247842973
maize,48,random_forest,30,2004,0.8413356133866218
maize,42,lightgbm,50,2002,0.6203609122892539
maize,42,lightgbm,50,2003,1.186166101446844
maize,42,lightgbm,50,2004,0.7958601006363158
maize,45,lightgbm,50,2002,0.6162603538109008
maize,45,lightgbm,50,2003,1.163486256196088
maize,45,lightgbm,50,2004,0.8006013806686484
maize,48,lightgbm,50,2002,0.6183841899839886
maize,48,lightgbm,50,2003,1.1949318773513362
maize,48,lightgbm,50,2004,0.793373250250524
maize,42,random_forest,50,2002,0.652013381859314
maize,42,random_forest,50,2003,1.1489962940622789
maize,42,random_forest,50,2004,0.8365958619898344
maize,45,random_forest,50,2002,0.6481175108271976
maize,45,random_forest,50,2003,1.135211697324367
maize,45,random_forest,50,2004,0.8339892701969627
maize,48,random_forest,50,2002,0.6468135216553155
maize,48,random_forest,50,2003,1.1259115352728006
maize,48,random_forest,50,2004,0.8344402441799275
maize,42,lightgbm,10,2006,0.6301994006377576
maize,42,lightgbm,10,2007,0.7176281062787999
maize,42,lightgbm,10,2008,0.7053105559297426
maize,45,lightgbm,10,2006,0.6276561754401098
maize,45,lightgbm,10,2007,0.7171363981982146
maize,45,lightgbm,10,2008,0.7047974724844439
maize,48,lightgbm,10,2006,0.6266161860031353
maize,48,lightgbm,10,2007,0.7190769962860952
maize,48,lightgbm,10,2008,0.7132181236766074
maize,42,random_forest,10,2006,0.6343106207509009
maize,42,random_forest,10,2007,0.7035779821170013
maize,42,random_forest,10,2008,0.6685777336653991
maize,45,random_forest,10,2006,0.6321593541422679
maize,45,random_forest,10,2007,0.7064434383640378
maize,45,random_forest,10,2008,0.6701406890518685
maize,48,random_forest,10,2006,0.6294526011661851
maize,48,random_forest,10,2007,0.7038229615871163
maize,48,random_forest,10,2008,0.6695504739534129
maize,42,lightgbm,30,2006,0.62380055079587
maize,42,lightgbm,30,2007,0.7079977680624345
maize,42,lightgbm,30,2008,0.7132645564961331
maize,45,lightgbm,30,2006,0.6191176015090569
maize,45,lightgbm,30,2007,0.7158639637831025
maize,45,lightgbm,30,2008,0.7127944240847154
maize,48,lightgbm,30,2006,0.6230063124940076
maize,48,lightgbm,30,2007,0.7127941732990862
maize,48,lightgbm,30,2008,0.7151370215265066
maize,42,random_forest,30,2006,0.6232946323401709
maize,42,random_forest,30,2007,0.6978243993727169
maize,42,random_forest,30,2008,0.6798897944508941
maize,45,random_forest,30,2006,0.6249325028101004
maize,45,random_forest,30,2007,0.6981651198343152
maize,45,random_forest,30,2008,0.6763981308415181
maize,48,random_forest,30,2006,0.6240818841829378
maize,48,random_forest,30,2007,0.6975328245738277
maize,48,random_forest,30,2008,0.6758985884722282
maize,42,lightgbm,50,2006,0.6257284995966487
maize,42,lightgbm,50,2007,0.7264088531503927
maize,42,lightgbm,50,2008,0.7148793120368713
maize,45,lightgbm,50,2006,0.6280512273525312
maize,45,lightgbm,50,2007,0.7275680831352335
maize,45,lightgbm,50,2008,0.7180965866203006
maize,48,lightgbm,50,2006,0.6258039893166013
maize,48,lightgbm,50,2007,0.7261747445760444
maize,48,lightgbm,50,2008,0.7094312325555516
maize,42,random_forest,50,2006,0.6281028678851919
maize,42,random_forest,50,2007,0.7197165050277767
maize,42,random_forest,50,2008,0.6812666183953968
maize,45,random_forest,50,2006,0.6273390447962938
maize,45,random_forest,50,2007,0.7216161823266278
maize,45,random_forest,50,2008,0.6822379786970406
maize,48,random_forest,50,2006,0.6286275164032624
maize,48,random_forest,50,2007,0.7207451742076645
maize,48,random_forest,50,2008,0.6818799085718218
maize,42,lightgbm,10,2010,0.6895403790917715
maize,42,lightgbm,10,2011,0.8037818925944026
maize,42,lightgbm,10,2012,1.0701768556870808
maize,42,lightgbm,10,2013,0.8176351389566753
maize,42,lightgbm,10,2014,0.7348419797549265
maize,42,lightgbm,10,2015,1.571127429450569
maize,42,lightgbm,10,2016,0.6730750180346887
maize,45,lightgbm,10,2010,0.6903202050678499
maize,45,lightgbm,10,2011,0.8069171764207141
maize,45,lightgbm,10,2012,1.068595555242582
maize,45,lightgbm,10,2013,0.8206682931474969
maize,45,lightgbm,10,2014,0.7345030746910912
maize,45,lightgbm,10,2015,1.5663841382686607
maize,45,lightgbm,10,2016,0.6697582487739454
maize,48,lightgbm,10,2010,0.6919454722962411
maize,48,lightgbm,10,2011,0.815356027533262
maize,48,lightgbm,10,2012,1.065370532388929
maize,48,lightgbm,10,2013,0.8303976163064904
maize,48,lightgbm,10,2014,0.7373246226524611
maize,48,lightgbm,10,2015,1.5975777013311083
maize,48,lightgbm,10,2016,0.6774383064629177
maize,42,random_forest,10,2010,0.7222621528463319
maize,42,random_forest,10,2011,0.8066552431695952
maize,42,random_forest,10,2012,1.0708653468403209
maize,42,random_forest,10,2013,0.8405055930784004
maize,42,random_forest,10,2014,0.7766875085069673
maize,42,random_forest,10,2015,1.5713419880882316
maize,42,random_forest,10,2016,0.7284149972730714
maize,45,random_forest,10,2010,0.7214542445518843
maize,45,random_forest,10,2011,0.8058555652430653
maize,45,random_forest,10,2012,1.0737802899755355
maize,45,random_forest,10,2013,0.8372564656223175
maize,45,random_forest,10,2014,0.7766232850050445
maize,45,random_forest,10,2015,1.577592144298139
maize,45,random_forest,10,2016,0.7228163720412536
maize,48,random_forest,10,2010,0.7198908506143745
maize,48,random_forest,10,2011,0.8052728513056643
maize,48,random_forest,10,2012,1.0732198096303447
maize,48,random_forest,10,2013,0.8396568791796056
maize,48,random_forest,10,2014,0.7728629677281011
maize,48,random_forest,10,2015,1.573643726970507
maize,48,random_forest,10,2016,0.7294478347462702
maize,42,lightgbm,30,2010,0.6891385943158514
maize,42,lightgbm,30,2011,0.8001337217457567
maize,42,lightgbm,30,2012,1.0863519411585951
maize,42,lightgbm,30,2013,0.8119789958425901
maize,42,lightgbm,30,2014,0.7288120717377331
maize,42,lightgbm,30,2015,1.550810760263189
maize,42,lightgbm,30,2016,0.6747579708312731
maize,45,lightgbm,30,2010,0.6890405960768337
maize,45,lightgbm,30,2011,0.8062821224945316
maize,45,lightgbm,30,2012,1.0883256358795417
maize,45,lightgbm,30,2013,0.8167805545373142
maize,45,lightgbm,30,2014,0.7319414783138212
maize,45,lightgbm,30,2015,1.5795818571781295
maize,45,lightgbm,30,2016,0.6770103337942958
maize,48,lightgbm,30,2010,0.6885357302403226
maize,48,lightgbm,30,2011,0.8026852427230663
maize,48,lightgbm,30,2012,1.0723513403472476
maize,48,lightgbm,30,2013,0.81073453004997
maize,48,lightgbm,30,2014,0.7314978965096687
maize,48,lightgbm,30,2015,1.5566011669829265
maize,48,lightgbm,30,2016,0.6776187437004044
maize,42,random_forest,30,2010,0.7229604388242495
maize,42,random_forest,30,2011,0.8084259192613356
maize,42,random_forest,30,2012,1.0892196835145518
maize,42,random_forest,30,2013,0.840539609716083
maize,42,random_forest,30,2014,0.7904167897219475
maize,42,random_forest,30,2015,1.5843258275003531
maize,42,random_forest,30,2016,0.734209717229688
maize,45,random_forest,30,2010,0.7246817208004493
maize,45,random_forest,30,2011,0.8094855140109641
maize,45,random_forest,30,2012,1.0924139912511643
maize,45,random_forest,30,2013,0.844559155318234
maize,45,random_forest,30,2014,0.7920292397769003
maize,45,random_forest,30,2015,1.5829525953151582
maize,45,random_forest,30,2016,0.7523652312956273
maize,48,random_forest,30,2010,0.7241247640293713
maize,48,random_forest,30,2011,0.8114781592014507
maize,48,random_forest,30,2012,1.092508614433169
maize,48,random_forest,30,2013,0.8442796691033326
maize,48,random_forest,30,2014,0.7957106639159406
maize,48,random_forest,30,2015,1.5878726574687925
maize,48,random_forest,30,2016,0.7408323626759022
maize,42,lightgbm,50,2010,0.7026024962926236
maize,42,lightgbm,50,2011,0.8077383480785388
maize,42,lightgbm,50,2012,1.116703998128923
maize,42,lightgbm,50,2013,0.8259718160808036
maize,42,lightgbm,50,2014,0.7459549360206281
maize,42,lightgbm,50,2015,1.5692682526686594
maize,42,lightgbm,50,2016,0.6800963716259782
maize,45,lightgbm,50,2010,0.7048135640052066
maize,45,lightgbm,50,2011,0.8079687027252946
maize,45,lightgbm,50,2012,1.1166402026180944
maize,45,lightgbm,50,2013,0.8200674162694396
maize,45,lightgbm,50,2014,0.7484012827783316
maize,45,lightgbm,50,2015,1.5609887490344494
maize,45,lightgbm,50,2016,0.6736026585483678
maize,48,lightgbm,50,2010,0.7071756542201181
maize,48,lightgbm,50,2011,0.806638432823086
maize,48,lightgbm,50,2012,1.1197898368683783
maize,48,lightgbm,50,2013,0.8282007946004523
maize,48,lightgbm,50,2014,0.7486669899409749
maize,48,lightgbm,50,2015,1.595566212347035
maize,48,lightgbm,50,2016,0.6738705716669762
maize,42,random_forest,50,2010,0.727508270740206
maize,42,random_forest,50,2011,0.8163617959355777
maize,42,random_forest,50,2012,1.1373166499395262
maize,42,random_forest,50,2013,0.8392014027769872
maize,42,random_forest,50,2014,0.8077326237068242
maize,42,random_forest,50,2015,1.5855440903433513
maize,42,random_forest,50,2016,0.7552602570100198
maize,45,random_forest,50,2010,0.7258493299403407
maize,45,random_forest,50,2011,0.8183769353227671
maize,45,random_forest,50,2012,1.1394758932458533
maize,45,random_forest,50,2013,0.8401234293121846
maize,45,random_forest,50,2014,0.8069752901572824
maize,45,random_forest,50,2015,1.5995690227660548
maize,45,random_forest,50,2016,0.7578121068181041
maize,48,random_forest,50,2010,0.728169260624173
maize,48,random_forest,50,2011,0.8165583140672248
maize,48,random_forest,50,2012,1.1334145839836338
maize,48,random_forest,50,2013,0.8418081924129416
maize,48,random_forest,50,2014,0.8099683319714139
maize,48,random_forest,50,2015,1.5886044067969405
maize,48,random_forest,50,2016,0.752942714362014
rice,42,lightgbm,10,2002,0.5725414824284843
rice,42,lightgbm,10,2003,1.0681127974475824
rice,42,lightgbm,10,2004,0.6839741321767439
rice,45,lightgbm,10,2002,0.585587704575665
rice,45,lightgbm,10,2003,1.0794730724922217
rice,45,lightgbm,10,2004,0.679660425577819
rice,48,lightgbm,10,2002,0.572061226700182
rice,48,lightgbm,10,2003,1.0736125303099413
rice,48,lightgbm,10,2004,0.6815210056384949
rice,42,random_forest,10,2002,0.5609260648781867
rice,42,random_forest,10,2003,1.0304470600439692
rice,42,random_forest,10,2004,0.7125019103682338
rice,45,random_forest,10,2002,0.5614011117334747
rice,45,random_forest,10,2003,0.991859098663711
rice,45,random_forest,10,2004,0.7238950577596642
rice,48,random_forest,10,2002,0.5592055780059587
rice,48,random_forest,10,2003,1.0489474922807127
rice,48,random_forest,10,2004,0.7147113619260326
rice,42,lightgbm,30,2002,0.5998611150663115
rice,42,lightgbm,30,2003,1.093118234464491
rice,42,lightgbm,30,2004,0.6785287115476675
rice,45,lightgbm,30,2002,0.5914874375330034
rice,45,lightgbm,30,2003,1.1047829204091784
rice,45,lightgbm,30,2004,0.6773130837413471
rice,48,lightgbm,30,2002,0.5871995701531583
rice,48,lightgbm,30,2003,1.0631929661539543
rice,48,lightgbm,30,2004,0.6802158235330813
rice,42,random_forest,30,2002,0.5698205799695433
rice,42,random_forest,30,2003,1.0350069817389684
rice,42,random_forest,30,2004,0.6844035674087258
rice,45,random_forest,30,2002,0.5747027200999124
rice,45,random_forest,30,2003,1.0461126014777269
rice,45,random_forest,30,2004,0.6799801407716172
rice,48,random_forest,30,2002,0.5721957035743478
rice,48,random_forest,30,2003,1.0536880867288638
rice,48,random_forest,30,2004,0.6766724570123577
rice,42,lightgbm,50,2002,0.6130523530729197
rice,42,lightgbm,50,2003,1.0774486018443772
rice,42,lightgbm,50,2004,0.6761037110767341
rice,45,lightgbm,50,2002,0.6201469640767086
rice,45,lightgbm,50,2003,1.085996294973964
rice,45,lightgbm,50,2004,0.6823545440329851
rice,48,lightgbm,50,2002,0.6187524525886776
rice,48,lightgbm,50,2003,1.1102795985083858
rice,48,lightgbm,50,2004,0.6818984289956493
rice,42,random_forest,50,2002,0.5744804924663589
rice,42,random_forest,50,2003,1.0876088350711213
rice,42,random_forest,50,2004,0.6930067558292516
rice,45,random_forest,50,2002,0.5767634184750396
rice,45,random_forest,50,2003,1.0565992086747744
rice,45,random_forest,50,2004,0.6957393123430422
rice,48,random_forest,50,2002,0.5761759440162892
rice,48,random_forest,50,2003,1.0519866163755354
rice,48,random_forest,50,2004,0.6920806361023386
rice,42,lightgbm,10,2006,0.6126327676047448
rice,42,lightgbm,10,2007,0.633784179723046
rice,42,lightgbm,10,2008,0.7986043267203065
rice,45,lightgbm,10,2006,0.6139869740441329
rice,45,lightgbm,10,2007,0.6459191958447855
rice,45,lightgbm,10,2008,0.7939965582216895
rice,48,lightgbm,10,2006,0.6130037134947934
rice,48,lightgbm,10,2007,0.6399589790909215
rice,48,lightgbm,10,2008,0.7934163642037926
rice,42,random_forest,10,2006,0.5939044661596177
rice,42,random_forest,10,2007,0.6153497086824445
rice,42,random_forest,10,2008,0.7860111955382798
rice,45,random_forest,10,2006,0.5927289445269578
rice,45,random_forest,10,2007,0.6159492305729007
rice,45,random_forest,10,2008,0.7863100265694295
rice,48,random_forest,10,2006,0.592041548063799
rice,48,random_forest,10,2007,0.6162284716545172
rice,48,random_forest,10,2008,0.786697245419425
rice,42,lightgbm,30,2006,0.6039294100993822
rice,42,lightgbm,30,2007,0.6314167353309718
rice,42,lightgbm,30,2008,0.7989787460672674
rice,45,lightgbm,30,2006,0.603865029766779
rice,45,lightgbm,30,2007,0.6381311337574449
rice,45,lightgbm,30,2008,0.7953865990853901
rice,48,lightgbm,30,2006,0.6051832084551364
rice,48,lightgbm,30,2007,0.6311700071700198
rice,48,lightgbm,30,2008,0.8003932037479384
rice,42,random_forest,30,2006,0.5924954363412868
rice,42,random_forest,30,2007,0.6106854126325013
rice,42,random_forest,30,2008,0.7840072060061866
rice,45,random_forest,30,2006,0.5918594792786053
rice,45,random_forest,30,2007,0.6086307587739279
rice,45,random_forest,30,2008,0.7793975227286922
rice,48,random_forest,30,2006,0.5933115854959651
rice,48,random_forest,30,2007,0.6128766839064764
rice,48,random_forest,30,2008,0.7812017798187048
rice,42,lightgbm,50,2006,0.606541280597381
rice,42,lightgbm,50,2007,0.6313446802966065
rice,42,lightgbm,50,2008,0.7971829647601185
rice,45,lightgbm,50,2006,0.608177757795772
rice,45,lightgbm,50,2007,0.6328668472712544
rice,45,lightgbm,50,2008,0.7980179813404991
rice,48,lightgbm,50,2006,0.6057849030083844
rice,48,lightgbm,50,2007,0.630415497469048
rice,48,lightgbm,50,2008,0.7979368062672291
rice,42,random_forest,50,2006,0.5945428781699371
rice,42,random_forest,50,2007,0.6053018768443128
rice,42,random_forest,50,2008,0.7903862528401799
rice,45,random_forest,50,2006,0.5938868329716418
rice,45,random_forest,50,2007,0.6020631161528534
rice,45,random_forest,50,2008,0.784379498312324
rice,48,random_forest,50,2006,0.5908333530726847
rice,48,random_forest,50,2007,0.606155254708814
rice,48,random_forest,50,2008,0.786658763068348
rice,42,lightgbm,10,2010,0.8494854232821867
rice,42,lightgbm,10,2011,0.7029481736442543
rice,42,lightgbm,10,2012,0.7855123487867091
rice,42,lightgbm,10,2013,0.8375776831963975
rice,42,lightgbm,10,2014,0.8591347180240873
rice,42,lightgbm,10,2015,0.9808106514308302
rice,42,lightgbm,10,2016,0.7432250719108963
rice,45,lightgbm,10,2010,0.8583511358249732
rice,45,lightgbm,10,2011,0.7195391450494538
rice,45,lightgbm,10,2012,0.7918412588631176
rice,45,lightgbm,10,2013,0.8377649061217745
rice,45,lightgbm,10,2014,0.8783127793024874
rice,45,lightgbm,10,2015,0.9863859021637656
rice,45,lightgbm,10,2016,0.7427524336434548
rice,48,lightgbm,10,2010,0.8566856574178178
rice,48,lightgbm,10,2011,0.7099239522650367
rice,48,lightgbm,10,2012,0.7908643477500436
rice,48,lightgbm,10,2013,0.8393114771926684
rice,48,lightgbm,10,2014,0.870842034409374
rice,48,lightgbm,10,2015,0.9906035985396552
rice,48,lightgbm,10,2016,0.7486889479641927
rice,42,random_forest,10,2010,0.8484823078711139
rice,42,random_forest,10,2011,0.7199640980025089
rice,42,random_forest,10,2012,0.7779377226996435
rice,42,random_forest,10,2013,0.8122342557522967
rice,42,random_forest,10,2014,0.8798927101330978
rice,42,random_forest,10,2015,0.9650713684820564
rice,42,random_forest,10,2016,0.7135129799075177
rice,45,random_forest,10,2010,0.8454434854529516
rice,45,random_forest,10,2011,0.7169485426954003
rice,45,random_forest,10,2012,0.7767165990091544
rice,45,random_forest,10,2013,0.8068381360081448
rice,45,random_forest,10,2014,0.873422827979421
rice,45,random_forest,10,2015,0.9654995824996988
rice,45,random_forest,10,2016,0.7185425657071884
rice,48,random_forest,10,2010,0.8471226471815154
rice,48,random_forest,10,2011,0.7182650261248477
rice,48,random_forest,10,2012,0.7811359617895646
rice,48,random_forest,10,2013,0.8089551354818906
rice,48,random_forest,10,2014,0.8746549861009
rice,48,random_forest,10,2015,0.9666223495923248
rice,48,random_forest,10,2016,0.7180709322576991
rice,42,lightgbm,30,2010,0.8690352360988238
rice,42,lightgbm,30,2011,0.7197321675578139
rice,42,lightgbm,30,2012,0.7822081730502874
rice,42,lightgbm,30,2013,0.8350918038556991
rice,42,lightgbm,30,2014,0.8698847299324576
rice,42,lightgbm,30,2015,0.9794464495735756
rice,42,lightgbm,30,2016,0.727081138427039
rice,45,lightgbm,30,2010,0.8596047418600434
rice,45,lightgbm,30,2011,0.7186692930962953
rice,45,lightgbm,30,2012,0.7895386361085983
rice,45,lightgbm,30,2013,0.8383621212768723
rice,45,lightgbm,30,2014,0.8653458596742776
rice,45,lightgbm,30,2015,0.9735427230664844
rice,45,lightgbm,30,2016,0.7316671616501321
rice,48,lightgbm,30,2010,0.8702219698598602
rice,48,lightgbm,30,2011,0.7097007548909305
rice,48,lightgbm,30,2012,0.7880052985398813
rice,48,lightgbm,30,2013,0.8402536255501619
rice,48,lightgbm,30,2014,0.868394036686351
rice,48,lightgbm,30,2015,0.9771635061834072
rice,48,lightgbm,30,2016,0.7266609115823172
rice,42,random_forest,30,2010,0.860875664586189
rice,42,random_forest,30,2011,0.7172831796854018
rice,42,random_forest,30,2012,0.785689454962274
rice,42,random_forest,30,2013,0.810549894493823
rice,42,random_forest,30,2014,0.869776542422814
rice,42,random_forest,30,2015,0.9711250255487192
rice,42,random_forest,30,2016,0.7063841098044771
rice,45,random_forest,30,2010,0.8588169824969448
rice,45,random_forest,30,2011,0.7196806386942962
rice,45,random_forest,30,2012,0.7908748653692331
rice,45,random_forest,30,2013,0.7998639567300695
rice,45,random_forest,30,2014,0.8728671285703733
rice,45,random_forest,30,2015,0.9713727138114812
rice,45,random_forest,30,2016,0.7094032952353908
rice,48,random_forest,30,2010,0.8561359893436075
rice,48,random_forest,30,2011,0.7145875367262846
rice,48,random_forest,30,2012,0.7828490630554074
rice,48,random_forest,30,2013,0.80833191687666
rice,48,random_forest,30,2014,0.8743104066284052
rice,48,random_forest,30,2015,0.9695293679066904
rice,48,random_forest,30,2016,0.7098702403762055
rice,42,lightgbm,50,2010,0.8870782895708452
rice,42,lightgbm,50,2011,0.7251198397782667
rice,42,lightgbm,50,2012,0.8063482015885807
rice,42,lightgbm,50,2013,0.8226755405898734
rice,42,lightgbm,50,2014,0.9150616349496468
rice,42,lightgbm,50,2015,0.9788817524603382
rice,42,lightgbm,50,2016,0.7289789956442413
rice,45,lightgbm,50,2010,0.8858022425934997
rice,45,lightgbm,50,2011,0.7098410265581322
rice,45,lightgbm,50,2012,0.8016100874550625
rice,45,lightgbm,50,2013,0.8190048399701372
rice,45,lightgbm,50,2014,0.8940762629099851
rice,45,lightgbm,50,2015,0.9750166317367616
rice,45,lightgbm,50,2016,0.7359000125376496
rice,48,lightgbm,50,2010,0.8967761547843631
rice,48,lightgbm,50,2011,0.7259994729139106
rice,48,lightgbm,50,2012,0.8031596614785721
rice,48,lightgbm,50,2013,0.8241413610811136
rice,48,lightgbm,50,2014,0.9134118000267658
rice,48,lightgbm,50,2015,0.9812671269662224
rice,48,lightgbm,50,2016,0.7377842242980026
rice,42,random_forest,50,2010,0.8656798724311606
rice,42,random_forest,50,2011,0.7167381976002068
rice,42,random_forest,50,2012,0.7995865776455785
rice,42,random_forest,50,2013,0.7953410065883104
rice,42,random_forest,50,2014,0.8904699627645504
rice,42,random_forest,50,2015,0.9728217881469392
rice,42,random_forest,50,2016,0.7012867036125984
rice,45,random_forest,50,2010,0.8709988061066523
rice,45,random_forest,50,2011,0.7221752597362434
rice,45,random_forest,50,2012,0.8043604909686953
rice,45,random_forest,50,2013,0.7920002705946108
rice,45,random_forest,50,2014,0.8924381460191477
rice,45,random_forest,50,2015,0.9747217269367604
rice,45,random_forest,50,2016,0.7058447634685954
rice,48,random_forest,50,2010,0.8679839514884345
rice,48,random_forest,50,2011,0.7182183623618064
rice,48,random_forest,50,2012,0.8051979274151883
rice,48,random_forest,50,2013,0.7966660924549935
rice,48,random_forest,50,2014,0.8901513645208289
rice,48,random_forest,50,2015,0.9749081661203228
rice,48,random_forest,50,2016,0.7050833961132806
soybean,42,lightgbm,10,2002,0.2663838425316129
soybean,42,lightgbm,10,2003,0.4036225542562168
soybean,42,lightgbm,10,2004,0.4191627753280992
soybean,45,lightgbm,10,2002,0.2628572820289433
soybean,45,lightgbm,10,2003,0.4019403282691517
soybean,45,lightgbm,10,2004,0.4149756361136246
soybean,48,lightgbm,10,2002,0.268789292277053
soybean,48,lightgbm,10,2003,0.3953460739844726
soybean,48,lightgbm,10,2004,0.4179133758652671
soybean,42,random_forest,10,2002,0.2752083474225775
soybean,42,random_forest,10,2003,0.3902128753795894
soybean,42,random_forest,10,2004,0.4334064137921046
soybean,45,random_forest,10,2002,0.2740283052931568
soybean,45,random_forest,10,2003,0.3916612679879938
soybean,45,random_forest,10,2004,0.4331979609434607
soybean,48,random_forest,10,2002,0.2713022937103013
soybean,48,random_forest,10,2003,0.3890815017792544
soybean,48,random_forest,10,2004,0.4294891469760568
soybean,42,lightgbm,30,2002,0.2719059345118858
soybean,42,lightgbm,30,2003,0.4045460572988655
soybean,42,lightgbm,30,2004,0.4293110217966138
soybean,45,lightgbm,30,2002,0.269998282973025
soybean,45,lightgbm,30,2003,0.4072373904774817
soybean,45,lightgbm,30,2004,0.4212429990061853
soybean,48,lightgbm,30,2002,0.2672706946709302
soybean,48,lightgbm,30,2003,0.4065375231520119
soybean,48,lightgbm,30,2004,0.4230530461329082
soybean,42,random_forest,30,2002,0.2761880079539404
soybean,42,random_forest,30,2003,0.3938880159448208
soybean,42,random_forest,30,2004,0.4248092162397308
soybean,45,random_forest,30,2002,0.277194848036615
soybean,45,random_forest,30,2003,0.3925955246038808
soybean,45,random_forest,30,2004,0.4234705182013611
soybean,48,random_forest,30,2002,0.2766766372413173
soybean,48,random_forest,30,2003,0.393226612679578
soybean,48,random_forest,30,2004,0.4222187665612464
soybean,42,lightgbm,50,2002,0.2745384859274449
soybean,42,lightgbm,50,2003,0.4096408035383512
soybean,42,lightgbm,50,2004,0.4446204785908731
soybean,45,lightgbm,50,2002,0.2751867393865694
soybean,45,lightgbm,50,2003,0.4075340330081976
soybean,45,lightgbm,50,2004,0.4423692741163946
soybean,48,lightgbm,50,2002,0.2719151039294767
soybean,48,lightgbm,50,2003,0.4113232737115782
soybean,48,lightgbm,50,2004,0.4424705693606338
soybean,42,random_forest,50,2002,0.289937701522216
soybean,42,random_forest,50,2003,0.410114023925357
soybean,42,random_forest,50,2004,0.4536885521024839
soybean,45,random_forest,50,2002,0.2881191401656739
soybean,45,random_forest,50,2003,0.4058934530465682
soybean,45,random_forest,50,2004,0.4501049065624738
soybean,48,random_forest,50,2002,0.2862603238007118
soybean,48,random_forest,50,2003,0.4070294689545953
soybean,48,random_forest,50,2004,0.4494182734488486
soybean,42,lightgbm,10,2006,0.2596214997038814
soybean,42,lightgbm,10,2007,0.3631444880131241
soybean,42,lightgbm,10,2008,0.3008589183393685
soybean,45,lightgbm,10,2006,0.2706420021301959
soybean,45,lightgbm,10,2007,0.3647520441139421
soybean,45,lightgbm,10,2008,0.3007667427666167
soybean,48,lightgbm,10,2006,0.2615207464894402
soybean,48,lightgbm,10,2007,0.3665035977266808
soybean,48,lightgbm,10,2008,0.2999252206644358
soybean,42,random_forest,10,2006,0.2208154728036435
soybean,42,random_forest,10,2007,0.3759324607540014
soybean,42,random_forest,10,2008,0.3048766650266039
soybean,45,random_forest,10,2006,0.2190945704657146
soybean,45,random_forest,10,2007,0.3770705087476642
soybean,45,random_forest,10,2008,0.3057687719034008
soybean,48,random_forest,10,2006,0.2250332007933412
soybean,48,random_forest,10,2007,0.3783840592171649
soybean,48,random_forest,10,2008,0.3036894703208667
soybean,42,lightgbm,30,2006,0.260423046489528
soybean,42,lightgbm,30,2007,0.3638590730018479
soybean,42,lightgbm,30,2008,0.3005529972258028
soybean,45,lightgbm,30,2006,0.2598311797753125
soybean,45,lightgbm,30,2007,0.362870071727924
soybean,45,lightgbm,30,2008,0.3001916485664546
soybean,48,lightgbm,30,2006,0.2613104603862672
soybean,48,lightgbm,30,2007,0.3624632943395197
soybean,48,lightgbm,30,2008,0.2985205435879691
soybean,42,random_forest,30,2006,0.2143681850643017
soybean,42,random_forest,30,2007,0.3701624247737669
soybean,42,random_forest,30,2008,0.3069410490633397
soybean,45,random_forest,30,2006,0.214611032967715
soybean,45,random_forest,30,2007,0.3722183307801578
soybean,45,random_forest,30,2008,0.3096736935742666
soybean,48,random_forest,30,2006,0.2147544831325765
soybean,48,random_forest,30,2007,0.3723807114774233
soybean,48,random_forest,30,2008,0.3096477876741708
soybean,42,lightgbm,50,2006,0.2727873821303045
soybean,42,lightgbm,50,2007,0.3692648451237945
soybean,42,lightgbm,50,2008,0.3044444593385837
soybean,45,lightgbm,50,2006,0.281896055967532
soybean,45,lightgbm,50,2007,0.3698471183513029
soybean,45,lightgbm,50,2008,0.3085351966462319
soybean,48,lightgbm,50,2006,0.2581342739838597
soybean,48,lightgbm,50,2007,0.3646521402217706
soybean,48,lightgbm,50,2008,0.29880644284377
soybean,42,random_forest,50,2006,0.2161380000926828
soybean,42,random_forest,50,2007,0.3897238646367427
soybean,42,random_forest,50,2008,0.3067267070315166
soybean,45,random_forest,50,2006,0.2165373774190783
soybean,45,random_forest,50,2007,0.3893486193996088
soybean,45,random_forest,50,2008,0.3057132332559115
soybean,48,random_forest,50,2006,0.2160913962941001
soybean,48,random_forest,50,2007,0.3876870230920052
soybean,48,random_forest,50,2008,0.3050376433684452
soybean,42,lightgbm,10,2010,0.2690592037668246
soybean,42,lightgbm,10,2011,0.2765829693848198
soybean,42,lightgbm,10,2012,0.2752036953672274
soybean,42,lightgbm,10,2013,0.2828780099092456
soybean,42,lightgbm,10,2014,0.2514083870051605
soybean,42,lightgbm,10,2015,0.4338481749848637
soybean,42,lightgbm,10,2016,0.2618364028750699
soybean,45,lightgbm,10,2010,0.2679947614491736
soybean,45,lightgbm,10,2011,0.2773321736346456
soybean,45,lightgbm,10,2012,0.2794829585633568
soybean,45,lightgbm,10,2013,0.2879692812459316
soybean,45,lightgbm,10,2014,0.2545621829212932
soybean,45,lightgbm,10,2015,0.4316784480641797
soybean,45,lightgbm,10,2016,0.2632849633383298
soybean,48,lightgbm,10,2010,0.267501099176915
soybean,48,lightgbm,10,2011,0.2740727823606351
soybean,48,lightgbm,10,2012,0.2727115904634019
soybean,48,lightgbm,10,2013,0.2891823391939739
soybean,48,lightgbm,10,2014,0.2547196252382056
soybean,48,lightgbm,10,2015,0.4325941989337119
soybean,48,lightgbm,10,2016,0.2624181188067854
soybean,42,random_forest,10,2010,0.2827494935035018
soybean,42,random_forest,10,2011,0.2726009815491897
soybean,42,random_forest,10,2012,0.294464147226232
soybean,42,random_forest,10,2013,0.2813873360202087
soybean,42,random_forest,10,2014,0.2443086554179693
soybean,42,random_forest,10,2015,0.4279249801311982
soybean,42,random_forest,10,2016,0.2599891477955952
soybean,45,random_forest,10,2010,0.2791501468419943
soybean,45,random_forest,10,2011,0.2715257507524648
soybean,45,random_forest,10,2012,0.2901393621215994
soybean,45,random_forest,10,2013,0.2825434351797113
soybean,45,random_forest,10,2014,0.2437140825600274
soybean,45,random_forest,10,2015,0.4272061293825164
soybean,45,random_forest,10,2016,0.260462416987011
soybean,48,random_forest,10,2010,0.2790455252767588
soybean,48,random_forest,10,2011,0.2732673767677847
soybean,48,random_forest,10,2012,0.2934767549678306
soybean,48,random_forest,10,2013,0.2804291596385806
soybean,48,random_forest,10,2014,0.2438266957801659
soybean,48,random_forest,10,2015,0.4273456949320451
soybean,48,random_forest,10,2016,0.2642600490517269
soybean,42,lightgbm,30,2010,0.2697682223505735
soybean,42,lightgbm,30,2011,0.2628814003124257
soybean,42,lightgbm,30,2012,0.2766515020348182
soybean,42,lightgbm,30,2013,0.2868020342871168
soybean,42,lightgbm,30,2014,0.2576186685713758
soybean,42,lightgbm,30,2015,0.434407788242006
soybean,42,lightgbm,30,2016,0.2750711756631671
soybean,45,lightgbm,30,2010,0.2717256066136713
soybean,45,lightgbm,30,2011,0.2657232068189071
soybean,45,lightgbm,30,2012,0.2775417786862925
soybean,45,lightgbm,30,2013,0.2880306916245717
soybean,45,lightgbm,30,2014,0.2577859748065496
soybean,45,lightgbm,30,2015,0.4329136271455812
soybean,45,lightgbm,30,2016,0.2740811335363857
soybean,48,lightgbm,30,2010,0.2645622673578054
soybean,48,lightgbm,30,2011,0.2637747175292466
soybean,48,lightgbm,30,2012,0.2826460113085691
soybean,48,lightgbm,30,2013,0.2895927601217358
soybean,48,lightgbm,30,2014,0.2618751129240351
soybean,48,lightgbm,30,2015,0.4346954819715328
soybean,48,lightgbm,30,2016,0.2742821881883596
soybean,42,random_forest,30,2010,0.2820046470359132
soybean,42,random_forest,30,2011,0.2688864331283142
soybean,42,random_forest,30,2012,0.2988586731771367
soybean,42,random_forest,30,2013,0.2799360248519525
soybean,42,random_forest,30,2014,0.2595940017278371
soybean,42,random_forest,30,2015,0.4304803183142625
soybean,42,random_forest,30,2016,0.2698765766437976
soybean,45,random_forest,30,2010,0.2794848687509262
soybean,45,random_forest,30,2011,0.2704162654158613
soybean,45,random_forest,30,2012,0.2974789117948511
soybean,45,random_forest,30,2013,0.2802037701610676
soybean,45,random_forest,30,2014,0.256003679551389
soybean,45,random_forest,30,2015,0.4291983869818132
soybean,45,random_forest,30,2016,0.2711397014066571
soybean,48,random_forest,30,2010,0.2811726288414032
soybean,48,random_forest,30,2011,0.2718042284929641
soybean,48,random_forest,30,2012,0.2976444261095449
soybean,48,random_forest,30,2013,0.2786562318131665
soybean,48,random_forest,30,2014,0.2556602175643309
soybean,48,random_forest,30,2015,0.4311572012478685
soybean,48,random_forest,30,2016,0.269577022683729
soybean,42,lightgbm,50,2010,0.2685340386605908
soybean,42,lightgbm,50,2011,0.2623472785733773
soybean,42,lightgbm,50,2012,0.290181233679462
soybean,42,lightgbm,50,2013,0.2906002265002786
soybean,42,lightgbm,50,2014,0.2702156875014878
soybean,42,lightgbm,50,2015,0.439837791423202
soybean,42,lightgbm,50,2016,0.2809011446632174
soybean,45,lightgbm,50,2010,0.2638706938709307
soybean,45,lightgbm,50,2011,0.2668180908884721
soybean,45,lightgbm,50,2012,0.2933120023449503
soybean,45,lightgbm,50,2013,0.2890681674202711
soybean,45,lightgbm,50,2014,0.2677397131874524
soybean,45,lightgbm,50,2015,0.4354463659840518
soybean,45,lightgbm,50,2016,0.2776118755878367
soybean,48,lightgbm,50,2010,0.2647332201468965
soybean,48,lightgbm,50,2011,0.2667490805813249
soybean,48,lightgbm,50,2012,0.2964771536629138
soybean,48,lightgbm,50,2013,0.2916205851759817
soybean,48,lightgbm,50,2014,0.2692177026702023
soybean,48,lightgbm,50,2015,0.4360372928172317
soybean,48,lightgbm,50,2016,0.2783326190727933
soybean,42,random_forest,50,2010,0.2782439502042411
soybean,42,random_forest,50,2011,0.2651646942423893
soybean,42,random_forest,50,2012,0.309088197703099
soybean,42,random_forest,50,2013,0.2858331012618429
soybean,42,random_forest,50,2014,0.2703199639736815
soybean,42,random_forest,50,2015,0.4355706664709409
soybean,42,random_forest,50,2016,0.2824535741157145
soybean,45,random_forest,50,2010,0.27754772677719
soybean,45,random_forest,50,2011,0.2671781223697957
soybean,45,random_forest,50,2012,0.3103252251723116
soybean,45,random_forest,50,2013,0.288201819893375
soybean,45,random_forest,50,2014,0.2700248190458312
soybean,45,random_forest,50,2015,0.4340468944290512
soybean,45,random_forest,50,2016,0.2826875267775326
soybean,48,random_forest,50,2010,0.2816539513838754
soybean,48,random_forest,50,2011,0.2675372570927382
soybean,48,random_forest,50,2012,0.3122957563050978
soybean,48,random_forest,50,2013,0.2874066646174171
soybean,48,random_forest,50,2014,0.2695476629598073
soybean,48,random_forest,50,2015,0.4353903601476901
soybean,48,random_forest,50,2016,0.2854189756966132
wheat,42,lightgbm,10,2002,0.7487987451417853
wheat,42,lightgbm,10,2003,1.327270454066921
wheat,42,lightgbm,10,2004,0.8007636232271651
wheat,45,lightgbm,10,2002,0.7480326684555545
wheat,45,lightgbm,10,2003,1.3113528535457144
wheat,45,lightgbm,10,2004,0.8025086571569701
wheat,48,lightgbm,10,2002,0.7493311058595834
wheat,48,lightgbm,10,2003,1.3016282464600522
wheat,48,lightgbm,10,2004,0.7994839679991442
wheat,42,random_forest,10,2002,0.7652050824880134
wheat,42,random_forest,10,2003,1.4180869469479704
wheat,42,random_forest,10,2004,0.8441250068757358
wheat,45,random_forest,10,2002,0.7655182122997914
wheat,45,random_forest,10,2003,1.3992926872251203
wheat,45,random_forest,10,2004,0.8392170534714531
wheat,48,random_forest,10,2002,0.7578154642348833
wheat,48,random_forest,10,2003,1.4651568039441014
wheat,48,random_forest,10,2004,0.8431550672825968
wheat,42,lightgbm,30,2002,0.7652043717981251
wheat,42,lightgbm,30,2003,1.2598771880809465
wheat,42,lightgbm,30,2004,0.7853815872328203
wheat,45,lightgbm,30,2002,0.7675472686752615
wheat,45,lightgbm,30,2003,1.2642189653710938
wheat,45,lightgbm,30,2004,0.7970726187962096
wheat,48,lightgbm,30,2002,0.7714337507823369
wheat,48,lightgbm,30,2003,1.2545878693859054
wheat,48,lightgbm,30,2004,0.7904819934627131
wheat,42,random_forest,30,2002,0.7850471978369956
wheat,42,random_forest,30,2003,1.3868384595270902
wheat,42,random_forest,30,2004,0.8358235922930836
wheat,45,random_forest,30,2002,0.7768031197530695
wheat,45,random_forest,30,2003,1.3746670106327552
wheat,45,random_forest,30,2004,0.8338664710981997
wheat,48,random_forest,30,2002,0.7853335710552788
wheat,48,random_forest,30,2003,1.4020008141602218
wheat,48,random_forest,30,2004,0.8322878374387266
wheat,42,lightgbm,50,2002,0.791915997684383
wheat,42,lightgbm,50,2003,1.2944743697193062
wheat,42,lightgbm,50,2004,0.8250254909153183
wheat,45,lightgbm,50,2002,0.7960846099781419
wheat,45,lightgbm,50,2003,1.3103521304349928
wheat,45,lightgbm,50,2004,0.8184536822639208
wheat,48,lightgbm,50,2002,0.7959061904670535
wheat,48,lightgbm,50,2003,1.2802734289382272
wheat,48,lightgbm,50,2004,0.817559226070492
wheat,42,random_forest,50,2002,0.8377191276035831
wheat,42,random_forest,50,2003,1.3016227406438552
wheat,42,random_forest,50,2004,0.8241818133650328
wheat,45,random_forest,50,2002,0.8529893723244332
wheat,45,random_forest,50,2003,1.2896417776279956
wheat,45,random_forest,50,2004,0.8265993526620241
wheat,48,random_forest,50,2002,0.8521864432568699
wheat,48,random_forest,50,2003,1.3126962211469777
wheat,48,random_forest,50,2004,0.822834574415489
wheat,42,lightgbm,10,2006,0.7518027702369958
wheat,42,lightgbm,10,2007,0.6763946876210215
wheat,42,lightgbm,10,2008,0.6626427861030193
wheat,45,lightgbm,10,2006,0.7534697132741078
wheat,45,lightgbm,10,2007,0.6724177905899343
wheat,45,lightgbm,10,2008,0.6661988745619345
wheat,48,lightgbm,10,2006,0.7535835894917113
wheat,48,lightgbm,10,2007,0.6843282416074562
wheat,48,lightgbm,10,2008,0.6655912696252826
wheat,42,random_forest,10,2006,0.7422626343440443
wheat,42,random_forest,10,2007,0.7046060068680282
wheat,42,random_forest,10,2008,0.6651683753132221
wheat,45,random_forest,10,2006,0.7453568549123827
wheat,45,random_forest,10,2007,0.6984690515918874
wheat,45,random_forest,10,2008,0.6619189995077412
wheat,48,random_forest,10,2006,0.7479330547162707
wheat,48,random_forest,10,2007,0.7002062764916637
wheat,48,random_forest,10,2008,0.6631364537782497
wheat,42,lightgbm,30,2006,0.7255670708277333
wheat,42,lightgbm,30,2007,0.674130492292661
wheat,42,lightgbm,30,2008,0.662412584319278
wheat,45,lightgbm,30,2006,0.7509822548205309
wheat,45,lightgbm,30,2007,0.6835020152711571
wheat,45,lightgbm,30,2008,0.6674672579795329
wheat,48,lightgbm,30,2006,0.737866543450525
wheat,48,lightgbm,30,2007,0.6865040351476533
wheat,48,lightgbm,30,2008,0.671091753495432
wheat,42,random_forest,30,2006,0.7477323779267896
wheat,42,random_forest,30,2007,0.7041198161518577
wheat,42,random_forest,30,2008,0.6479541752534993
wheat,45,random_forest,30,2006,0.7398522551256416
wheat,45,random_forest,30,2007,0.7056856801222555
wheat,45,random_forest,30,2008,0.6485272980002804
wheat,48,random_forest,30,2006,0.7461271817010096
wheat,48,random_forest,30,2007,0.7065292056535131
wheat,48,random_forest,30,2008,0.648633443456208
wheat,42,lightgbm,50,2006,0.7145358302657191
wheat,42,lightgbm,50,2007,0.6733930563390598
wheat,42,lightgbm,50,2008,0.6628167715724718
wheat,45,lightgbm,50,2006,0.7333494986123897
wheat,45,lightgbm,50,2007,0.6884327753508301
wheat,45,lightgbm,50,2008,0.6708280609877209
wheat,48,lightgbm,50,2006,0.7443315987629574
wheat,48,lightgbm,50,2007,0.6814870584970284
wheat,48,lightgbm,50,2008,0.6640356747240463
wheat,42,random_forest,50,2006,0.7434727421954278
wheat,42,random_forest,50,2007,0.7072034845474074
wheat,42,random_forest,50,2008,0.6646051295153548
wheat,45,random_forest,50,2006,0.74664325466031
wheat,45,random_forest,50,2007,0.7071814022598089
wheat,45,random_forest,50,2008,0.6682478193437381
wheat,48,random_forest,50,2006,0.7483918158022854
wheat,48,random_forest,50,2007,0.7051285842206207
wheat,48,random_forest,50,2008,0.6639072797455515
wheat,42,lightgbm,10,2010,0.8307816831556865
wheat,42,lightgbm,10,2011,0.5537998166274593
wheat,42,lightgbm,10,2012,0.5934526830325852
wheat,42,lightgbm,10,2013,0.641013175907934
wheat,42,lightgbm,10,2014,0.6791054228181617
wheat,42,lightgbm,10,2015,1.194777491516778
wheat,42,lightgbm,10,2016,0.854424520591017
wheat,45,lightgbm,10,2010,0.8085242837358477
wheat,45,lightgbm,10,2011,0.5434597450492137
wheat,45,lightgbm,10,2012,0.5620612541944132
wheat,45,lightgbm,10,2013,0.6231618624612266
wheat,45,lightgbm,10,2014,0.6542808435191261
wheat,45,lightgbm,10,2015,1.2311285812809725
wheat,45,lightgbm,10,2016,0.8020766419972921
wheat,48,lightgbm,10,2010,0.821875495469521
wheat,48,lightgbm,10,2011,0.5468884866451651
wheat,48,lightgbm,10,2012,0.5931472602971347
wheat,48,lightgbm,10,2013,0.6270395117168645
wheat,48,lightgbm,10,2014,0.6712053694247255
wheat,48,lightgbm,10,2015,1.2055059670129755
wheat,48,lightgbm,10,2016,0.8394760703883954
wheat,42,random_forest,10,2010,0.833232025477364
wheat,42,random_forest,10,2011,0.5539873729574267
wheat,42,random_forest,10,2012,0.5811304068477194
wheat,42,random_forest,10,2013,0.6201060696990527
wheat,42,random_forest,10,2014,0.6719767623596026
wheat,42,random_forest,10,2015,1.2190707515571138
wheat,42,random_forest,10,2016,0.8819704299821964
wheat,45,random_forest,10,2010,0.8353233292681566
wheat,45,random_forest,10,2011,0.5557306665802784
wheat,45,random_forest,10,2012,0.5863355527378534
wheat,45,random_forest,10,2013,0.6221631936400407
wheat,45,random_forest,10,2014,0.6724040814479705
wheat,45,random_forest,10,2015,1.2138480974282573
wheat,45,random_forest,10,2016,0.8965894108622519
wheat,48,random_forest,10,2010,0.8333806242618189
wheat,48,random_forest,10,2011,0.5568424193960321
wheat,48,random_forest,10,2012,0.5837753475110421
wheat,48,random_forest,10,2013,0.6219512679922544
wheat,48,random_forest,10,2014,0.6711090033372521
wheat,48,random_forest,10,2015,1.2155058804622496
wheat,48,random_forest,10,2016,0.9032726908347326
wheat,42,lightgbm,30,2010,0.808755818066429
wheat,42,lightgbm,30,2011,0.5442888513105953
wheat,42,lightgbm,30,2012,0.5985655930956831
wheat,42,lightgbm,30,2013,0.65224560610003
wheat,42,lightgbm,30,2014,0.6891292113622598
wheat,42,lightgbm,30,2015,1.1928093704619989
wheat,42,lightgbm,30,2016,0.8594547877087372
wheat,45,lightgbm,30,2010,0.8298010132025672
wheat,45,lightgbm,30,2011,0.5573624382068288
wheat,45,lightgbm,30,2012,0.5850766425588341
wheat,45,lightgbm,30,2013,0.6683718547769071
wheat,45,lightgbm,30,2014,0.6906637727810785
wheat,45,lightgbm,30,2015,1.1918130149866455
wheat,45,lightgbm,30,2016,0.8476375526001279
wheat,48,lightgbm,30,2010,0.8288815145292096
wheat,48,lightgbm,30,2011,0.5551591632251502
wheat,48,lightgbm,30,2012,0.5817329155936858
wheat,48,lightgbm,30,2013,0.6651683591910061
wheat,48,lightgbm,30,2014,0.6885996316334626
wheat,48,lightgbm,30,2015,1.19663209468687
wheat,48,lightgbm,30,2016,0.8311563432293158
wheat,42,random_forest,30,2010,0.8303544299091338
wheat,42,random_forest,30,2011,0.5528254910516448
wheat,42,random_forest,30,2012,0.5875944578489342
wheat,42,random_forest,30,2013,0.6352324284842458
wheat,42,random_forest,30,2014,0.6793160360274836
wheat,42,random_forest,30,2015,1.2156943415753556
wheat,42,random_forest,30,2016,0.8786507170010719
wheat,45,random_forest,30,2010,0.8281751940002768
wheat,45,random_forest,30,2011,0.548253916046196
wheat,45,random_forest,30,2012,0.5850747791051845
wheat,45,random_forest,30,2013,0.6308582340992528
wheat,45,random_forest,30,2014,0.6777536668632698
wheat,45,random_forest,30,2015,1.2134728775002437
wheat,45,random_forest,30,2016,0.8807289231876118
wheat,48,random_forest,30,2010,0.8290890851352472
wheat,48,random_forest,30,2011,0.5512330294655713
wheat,48,random_forest,30,2012,0.5854491100105818
wheat,48,random_forest,30,2013,0.6327403758308239
wheat,48,random_forest,30,2014,0.6759122261671472
wheat,48,random_forest,30,2015,1.221189745336159
wheat,48,random_forest,30,2016,0.8856716405889606
wheat,42,lightgbm,50,2010,0.7659734091405893
wheat,42,lightgbm,50,2011,0.5203145702644784
wheat,42,lightgbm,50,2012,0.5615244358063711
wheat,42,lightgbm,50,2013,0.6137928758345751
wheat,42,lightgbm,50,2014,0.6302262409808912
wheat,42,lightgbm,50,2015,1.2704947587940254
wheat,42,lightgbm,50,2016,0.7635978031336327
wheat,45,lightgbm,50,2010,0.7645286158712917
wheat,45,lightgbm,50,2011,0.521329794239531
wheat,45,lightgbm,50,2012,0.5707216232392123
wheat,45,lightgbm,50,2013,0.6169870333535714
wheat,45,lightgbm,50,2014,0.6411169334620375
wheat,45,lightgbm,50,2015,1.2698816294229345
wheat,45,lightgbm,50,2016,0.7755353173480543
wheat,48,lightgbm,50,2010,0.7690763120433705
wheat,48,lightgbm,50,2011,0.5171143220532306
wheat,48,lightgbm,50,2012,0.566593104521979
wheat,48,lightgbm,50,2013,0.6074761724871388
wheat,48,lightgbm,50,2014,0.6239922804661574
wheat,48,lightgbm,50,2015,1.290952767562297
wheat,48,lightgbm,50,2016,0.7686204948584442
wheat,42,random_forest,50,2010,0.8474176618699026
wheat,42,random_forest,50,2011,0.5509492297045452
wheat,42,random_forest,50,2012,0.5853728452970381
wheat,42,random_forest,50,2013,0.6409613928475171
wheat,42,random_forest,50,2014,0.6892327588027705
wheat,42,random_forest,50,2015,1.2238630880432533
wheat,42,random_forest,50,2016,0.8428016989647025
wheat,45,random_forest,50,2010,0.8472053032071856
wheat,45,random_forest,50,2011,0.5531630767096866
wheat,45,random_forest,50,2012,0.5894257747672998
wheat,45,random_forest,50,2013,0.6408719473482104
wheat,45,random_forest,50,2014,0.6940589517909809
wheat,45,random_forest,50,2015,1.2164332695699926
wheat,45,random_forest,50,2016,0.8459518496148662
wheat,48,random_forest,50,2010,0.8474360230685875
wheat,48,random_forest,50,2011,0.552232281713074
wheat,48,random_forest,50,2012,0.5868903168799395
wheat,48,random_forest,50,2013,0.6402829309328449
wheat,48,random_forest,50,2014,0.6911696623985824
wheat,48,random_forest,50,2015,1.2215790099941355
wheat,48,random_forest,50,2016,0.8319406471203965
